Time,Depth,Acceleration
0,18.5875000953674,0.00475334535227987
0.452344566400643,18.5937892721684,0.00525078728406723
0.904689132801286,18.6003494106599,0.00573574140770536
1.35703369920193,18.6086920316357,0.00616435599205297
1.80937826560257,18.6187787947922,0.00648335320885252
2.26172283200328,18.6303849151739,0.00665567307261204
2.71406739840392,18.6433847841182,0.00664145531461456
3.16641196480456,18.6577399274826,0.00639160278231488
3.61875653120521,18.6734950956251,0.00589062793206226
4.07110109760585,18.6907828024161,0.00508167202676177
4.52344566400649,18.7098359273682,0.00399772463485417
4.97579023040713,18.7306037358239,0.00273523153684286
5.42813479680778,18.7515677118079,0.00141830066161539
5.88047936320842,18.7725316877919,0.00016937389697161
6.33282392960912,18.7933425087337,-0.000907971342729846
6.78516849600977,18.8133661330305,-0.00174674389674545
7.23751306241041,18.8326510986716,-0.0023258327369968
7.68985762881105,18.8512903181562,-0.0026702126765797
8.1422021952117,18.8693346940521,-0.00283185052126028
8.59454676161234,18.8867980350015,-0.00287515939170377
9.04689132801298,18.903658461353,-0.0028675634892356
9.49923589441363,18.9198561909417,-0.0028682618856581
9.95158046081427,18.9352879032713,-0.00293638722017018
10.403925027215,18.9500196862809,-0.00312867505542563
10.8562695936156,18.9646944054927,-0.00346965807632584
11.3086141600163,18.9793691247046,-0.00393851112172337
11.7609587264169,18.9936536844293,-0.00447541479175045
12.2133032928175,19.0063287322011,-0.00498857140023452
12.6656478592182,19.0175436114297,-0.00538707237557236
13.1179924256188,19.0274773813661,-0.0056166527891894
13.5703369920195,19.0362260404713,-0.00564984066182528
14.0226815584202,19.043811860528,-0.00546493350216683
14.4750261248208,19.0501856567978,-0.00504541670471342
14.9273706912215,19.0552218234513,-0.00439357144355148
15.3797152576221,19.0587066045044,-0.00355521910523124
15.8320598240228,19.0608734018887,-0.00262113190483275
16.2844043904234,19.0629698474698,-0.0016918853500701
16.736748956824,19.065066293051,-0.000854571867130131
17.1890935232247,19.0672433508537,-0.00017151471350838
17.6414380896253,19.0696926498554,0.000331041566639949
18.093782656026,19.0723825465302,0.000661678004899275
18.5461272224267,19.0752843106204,0.000847594764836439
18.9984717888273,19.0783829011496,0.000908541307739956
19.450816355228,19.0816754948782,0.000862080252289676
19.9031609216286,19.0851711982316,0.000731486591017771
20.3555054880292,19.0888919637712,0.000523972501166273
20.8078500544299,19.0928746190177,0.00023918446655614
21.2601946208305,19.0970612676721,-0.000109507952973813
21.7125391872312,19.1012540788631,-0.000496348155398606
22.1648837536319,19.1054468900542,-0.000887395298289933
22.6172283200325,19.109444125866,-0.00124572721680302
23.0695728864332,19.1128925611345,-0.00153750694019551
23.5219174528338,19.1158651363215,-0.00174168563853049
23.9742620192344,19.1184171154013,-0.00185390613369978
24.4266065856351,19.1205766801374,-0.0018766049152064
24.8789511520357,19.122347702913,-0.00181426861950671
25.3312957184364,19.1237101421523,-0.00167371724486433
25.783640284837,19.1246180320043,-0.00146381961117583
26.2359848512377,19.1249952818006,-0.0012042391241904
26.6883294176384,19.125,-0.000926680229519823
27.140673984039,19.125,-0.000662558686887731
27.5930185504397,19.125,-0.000436221024840282
28.0453631168403,19.125,-0.000261806531723411
28.4977076832409,19.125,-0.000140807481913742
28.9500522496416,19.125,-6.48913326505627e-05
29.4023968160422,19.125,-2.25350275094174e-05
29.8547413824429,19.125,-4.23379063499334e-06
30.3070859488436,19.125,-5.10001179881591e-08
30.7594305152442,19.125,-7.92175073927033e-17
31.2117750816449,19.125,-2.38222954604337e-16
31.6641196480455,19.125,-2.43544733142753e-16
32.1164642144461,19.125,-7.7290814687611e-17
32.5688087808468,19.125,-1.60608657866073e-16
33.0211533472474,19.125,-4.30957906187818e-16
33.4734979136481,19.125,-3.7176948748198e-16
33.9258424800487,19.125,-1.21247000682646e-16
34.3781870464494,19.125,1.13479680138941e-09
34.8305316128501,19.125,3.43138369885837e-06
35.2828761792507,19.125,1.97603480956265e-05
35.7352207456513,19.125,5.92465409160126e-05
36.187565312052,19.125,0.000131245910949363
36.6399098784526,19.125,0.000247092302823127
37.0922544448533,19.125,0.000415824282883688
37.544599011254,19.125,0.000637169890264279
37.9969435776546,19.125,0.000898309821710243
38.4492881440553,19.125000104984,0.00117578697016883
38.9016327104559,19.1253172331498,0.00143873961529299
39.3539772768566,19.1261747264095,0.00165500617813585
39.8063218432572,19.1274931035513,0.00180327341002767
40.2586664096578,19.129223532744,0.00187200470167677
40.7110109760585,19.1313434446538,0.00184946941242447
41.1633555424591,19.1338542802581,0.00172579613064732
41.6157001088598,19.1367816380737,0.0014936357998516
42.0680446752604,19.1401778104185,0.00115047404929239
42.5203892416611,19.1441228214465,0.000711105837654113
42.9727338080618,19.1483156326375,0.000209184292658948
43.4250783744624,19.1525084438286,-0.000311419618206804
43.877422940863,19.15669845947,-0.00080421432128699
44.3297675072637,19.1605302155274,-0.00122670801500223
44.7821120736643,19.1638287301449,-0.00154819404235383
45.234456640065,19.1666710081966,-0.00175831050225746
45.6868012064657,19.1691037885813,-0.00185684969067145
46.1391457728663,19.1711477964883,-0.00184111184809565
46.591490339267,19.1727998195211,-0.00171224842349136
47.0438349056676,19.1740323796013,-0.0014717451085442
47.4961794720682,19.1747910240201,-0.00112053140682788
47.9485240384689,19.1750001907349,-0.000675134196498809
48.4008686048695,19.1750001907349,-0.000170218430215572
48.8532131712702,19.1750001907349,0.000349912797077722
49.3055577376708,19.1750092696144,0.000838807401069649
49.7579023040715,19.1754136243887,0.00125458995362786
50.2102468704721,19.1763442962791,0.00156778183237117
50.6625914368728,19.1777267260685,0.00176951366831303
51.1149360032735,19.1795162435581,0.00185964317552504
51.5672805696741,19.1816939560283,0.00183528331185577
52.0196251360747,19.1842648491345,0.00169810330523823
52.4719697024754,19.1872582957843,0.00144926514365156
52.924314268876,19.1907309360904,0.00109013623261721
53.3766588352767,19.1947500992966,0.000638924127976037
53.8290034016774,19.1989429104877,0.00013127017317484
54.281347968078,19.2031357216787,-0.000388125806476969
54.7336925344787,19.2073096322512,-0.000872896575984703
55.1860371008793,19.2110554005315,-0.00128182899707842
55.63838166728,19.2142815788429,-0.00158672485313183
56.0907262336806,19.2170603114454,-0.00178043652534161
56.5430708000812,19.2194342232296,-0.0018681489156351
56.9954153664819,19.2214203851202,-0.00185754793049765
57.4477599328825,19.2230120353481,-0.00176020907092377
57.9001044992832,19.2241778899344,-0.00158683920382754
58.3524490656839,19.2248590936735,-0.00135096677165477
58.8047936320845,19.2250003814697,-0.00107924295302504
59.2571381984852,19.2250003814697,-0.000804376251823601
59.7094827648858,19.2250003814697,-0.000554916812923905
60.1618273312864,19.2250003814697,-0.000351160824027964
60.6141718976871,19.2250003814697,-0.000201422457501997
61.0665164640877,19.2250003814697,-0.00010215994258575
61.5188610304884,19.2250003814697,-4.20083078961874e-05
61.9712055968891,19.2250003814697,-4.68079914426384e-06
62.4235501632897,19.2250003814697,2.97989320266437e-05
62.8758947296904,19.2250003814697,8.17935979534695e-05
63.328239296091,19.2250003814697,0.000168715915901378
63.7805838624916,19.2250003814697,0.000303627112016735
64.2329284288923,19.2250003814697,0.000492707456524283
64.6852729952929,19.2250003814697,0.000731163517924293
65.1376175616936,19.2250003814697,0.00100163596091023
65.5899621280942,19.2250493285351,0.00127760810539127
66.0423066944949,19.225579965804,0.00152668761681168
66.4946512608956,19.2266173116685,0.00171910737404271
66.9469958272962,19.228093961466,0.00183867043987334
67.3993403936968,19.2299713149644,0.00187479565807998
67.8516849600975,19.2322359170784,0.00181534842316742
68.3040295264981,19.2348980942248,0.0016520052702214
68.7563740928988,19.2379930044444,0.00137820948454346
69.2087186592994,19.241584017428,0.000996163642986487
69.6610632257001,19.2456905260652,0.000528808723333016
70.1134077921008,19.249883257285,1.44904702876738e-05
70.5657523585014,19.2540759885049,-0.000501125236633355
71.0180969249021,19.2581996500169,-0.000972186834567585
71.4704414913027,19.2618207973736,-0.00135973173813765
71.9227860577033,19.2649413851686,-0.0016397157427978
72.375130624104,19.267626494256,-0.00180854698125257
72.8274751905046,19.2699127444988,-0.00186922643912831
73.2798197569053,19.2718117952142,-0.00182440585898777
73.7321643233059,19.2733115292631,-0.00168157769844947
74.1845088897066,19.2743748230766,-0.00144616777585148
74.6368534561073,19.27493600533,-0.00112813968059177
75.0891980225079,19.2749996185303,-0.000754320443390177
75.5415425889085,19.2749996185303,-0.000360549127270707
75.9938871553092,19.2749996185303,1.67517032233488e-05
76.4462317217098,19.27504588126,0.000345796581936221
76.8985762881105,19.2753518717633,0.000604778709557365
77.3509208545112,19.2759051615399,0.000785264316279794
77.8032654209118,19.2766743572057,0.000892024731399222
78.2556099873125,19.2776421291086,0.000933404622723115
78.7079545537131,19.2788035421504,0.000918232042381745
79.1602991201137,19.2801655537144,0.000858050148756169
79.6126436865144,19.2817477183727,0.000761211681073949
80.064988252915,19.2835840375186,0.000636268094187018
80.5173328193157,19.2856582284053,0.000498188532116827
80.9696773857163,19.2877545940152,0.000363145778843058
81.422021952117,19.2898509596251,0.000244325126948014
81.8743665185176,19.2919473275099,0.000150298578468077
82.3267110849183,19.2940437055529,8.33442811794422e-05
82.779055651319,19.2961400929197,4.02892159713663e-05
83.2314002177196,19.2982364884557,1.45485851729601e-05
83.6837447841203,19.3003328915371,-2.62323214043029e-06
84.1360893505209,19.3024293020094,-2.14149156093729e-05
84.5884339169215,19.3045257201727,-5.179511678561e-05
85.0407784833222,19.306622146811,-0.000101869507313043
85.4931230497228,19.3087185832666,-0.000177259096995844
85.9454676161235,19.3108150283045,-0.000279636827774048
86.3978121825242,19.3129114738856,-0.000404722835528611
86.8501567489248,19.3150079194668,-0.000542275069874392
87.3025013153254,19.3170297400066,-0.000677951339917454
87.7548458817261,19.31878057873,-0.000795398320739007
88.2071904481267,19.3202897926666,-0.000881417397145912
88.6595350145274,19.3215865258632,-0.000930303455136882
89.111879580928,19.3226861758376,-0.000940689824177565
89.5642241473287,19.3235918966328,-0.000912277199870618
90.0165687137293,19.3242949205295,-0.000845805090927061
90.46891328013,19.3247736746557,-0.000744104349451043
90.9212578465307,19.3249917793528,-0.000616162642706328
91.3736024129313,19.3249998092651,-0.000477528418079195
91.8259469793319,19.3249998092651,-0.000344135399070543
92.2782915457326,19.3249998092651,-0.00022858188026149
92.7306361121332,19.3249998092651,-0.0001385693373837
93.1829806785339,19.3249998092651,-7.54619626912866e-05
93.6353252449346,19.3249998092651,-3.54764334912013e-05
94.0876698113352,19.3249998092651,-1.28079009085774e-05
94.5400143777359,19.3249998092651,-2.62305751202156e-06
94.9923589441365,19.3249998092651,-8.67971959624927e-08
95.4447035105372,19.3249998092651,-1.93145286527962e-16
95.8970480769378,19.3249998092651,-2.0182630761231e-16
96.3493926433384,19.3249998092651,-1.62893753332586e-16
96.8017372097391,19.3249998092651,-1.64563155892917e-16
97.2540817761397,19.3249998092651,-5.08574325519303e-17
97.7064263425404,19.3249998092651,1.90191387100456e-16
98.158770908941,19.3249998092651,2.45871473492551e-16
98.6111154753417,19.3249998092651,2.26666171150704e-16
99.0634600417423,19.3249998092651,2.96827539925065e-16
99.515804608143,19.3249998092651,2.85514556926106e-16
99.9681491745436,19.3249998092651,1.033949775029e-16
100.420493740944,19.3249998092651,4.71029958375583e-17
100.872838307345,19.3249998092651,9.62129649266843e-17
101.325182873746,19.3249998092651,3.13103784085605e-17
101.777527440146,19.3249998092651,-7.338799092726e-17
102.229872006547,19.3249998092651,-1.81122946057466e-16
102.682216572948,19.3249998092651,-2.4862467712768e-16
103.134561139348,19.3249998092651,-1.77677071648008e-16
103.586905705749,19.3249998092651,5.82789618600546e-17
104.039250272149,19.3249998092651,1.84017851349208e-16
104.49159483855,19.3249998092651,1.53659163898388e-16
104.943939404951,19.3249998092651,1.30727308418872e-16
105.396283971351,19.3249998092651,1.94439078403941e-17
105.848628537752,19.3249998092651,-9.73147116720922e-17
106.300973104153,19.3249998092651,-1.76604032894374e-17
106.753317670553,19.3249998092651,9.66758934605412e-17
107.205662236954,19.3249998092651,-1.26361535910976e-17
107.658006803355,19.3249998092651,-1.28924370524276e-16
108.110351369755,19.3249998092651,-1.02614419572961e-16
108.562695936156,19.3249998092651,-9.80470221912412e-17
109.015040502557,19.3249998092651,-1.35313435698039e-16
109.467385068957,19.3249998092651,-1.10685093629693e-16
109.919729635358,19.3249998092651,-1.53239136896756e-16
110.372074201759,19.3249998092651,-2.29675381563144e-16
110.824418768159,19.3249998092651,-8.18431560520369e-17
111.27676333456,19.3249998092651,1.06438885063442e-16
111.729107900961,19.3249998092651,1.95509152357093e-16
112.181452467361,19.3249998092651,1.84958667399941e-16
112.633797033762,19.3249998092651,2.44669870286547e-18
113.086141600162,19.3249998092651,-9.88693027816532e-17
113.538486166563,19.3249998092651,-1.74858106791194e-17
113.990830732964,19.3249998092651,-2.276519145082e-17
114.443175299364,19.3249998092651,-7.57160259877709e-17
114.895519865765,19.3249998092651,-6.96457238306082e-17
115.347864432166,19.3249998092651,6.83467217401635e-08
115.800208998566,19.3249998092651,4.40635079166105e-06
116.252553564967,19.3249998092651,2.30851334155152e-05
116.704898131368,19.3249998092651,6.59875656302831e-05
117.157242697768,19.3249998092651,0.000142647532656875
117.609587264169,19.3249998092651,0.000264611882739486
118.06193183057,19.3249998092651,0.000440075146822328
118.51427639697,19.3249998092651,0.000667316274067973
118.966620963371,19.3249998092651,0.00093195668713795
119.418965529772,19.3250061322595,0.00120948890933542
119.871310096172,19.3253944371259,0.00146840556056298
120.323654662573,19.3263116141569,0.00167710389290425
120.775999228974,19.3276821971074,0.00181613339550512
121.228343795374,19.3294607482968,0.00187441162625693
121.680688361775,19.3316276940039,0.0018399363156552
122.133032928175,19.3341873593488,0.00170344019752974
122.585377494576,19.3371684098716,0.00145770453059918
123.037722060977,19.3406266680257,0.00110150678988541
123.490066627377,19.3446329728853,0.000652434738430576
123.942411193778,19.3488257840763,0.000145770382121414
124.394755760179,19.3530185952673,-0.000373929968066491
124.847100326579,19.3571965729435,-0.00086026226026536
125.29944489298,19.3609581652862,-0.00127176147408445
125.751789459381,19.3641976857718,-0.00157974653943532
126.204134025781,19.3669881742632,-0.00177651437994126
126.656478592182,19.3693730145228,-0.00186707590535167
127.108823158583,19.3713699546193,-0.00185907345873529
127.561167724983,19.3729728945004,-0.00176398489586627
128.013512291384,19.3741512637159,-0.0015925682168271
128.465856857785,19.3748470351049,-0.00135814018963958
128.918201424185,19.375,-0.00108697951634506
129.370545990586,19.375,-0.000811789888976149
129.822890556986,19.375,-0.000561315323148768
130.275235123387,19.375,-0.000356123473016213
130.727579689788,19.375,-0.000204884762437959
131.179924256188,19.375,-0.000104342104985615
131.632268822589,19.375,-4.37668546732034e-05
132.08461338899,19.375,-1.25786137260977e-05
132.53695795539,19.375,-1.65343324759358e-06
132.989302521791,19.375,9.60693465982236e-17
133.441647088192,19.375,1.28289641542351e-16
133.893991654592,19.375,1.12386807254673e-16
134.346336220993,19.375,-1.38571215282672e-16
134.798680787394,19.375,-6.1705553427912e-16
135.251025353794,19.375,-9.1237346152855e-16
135.703369920195,19.375,-7.62594921018432e-16
136.155714486596,19.375,-3.35700719124039e-16
136.608059052996,19.375,3.73374004014695e-16
137.060403619397,19.375,1.07052655510922e-15
137.512748185798,19.375,1.17871746249025e-15
137.965092752198,19.375,9.31140755668744e-16
138.417437318599,19.375,5.19443840955746e-16
138.869781885,19.375,-2.78069185836725e-17
139.3221264514,19.375,-3.81784166610019e-16
139.774471017801,19.375,-5.80409993313262e-16
140.226815584201,19.375,-6.71234250441475e-16
140.679160150602,19.375,-4.66293580975284e-16
141.131504717003,19.375,-1.38892404098141e-16
141.583849283403,19.375,7.066367032557e-17
142.036193849804,19.375,1.9310924543981e-16
142.488538416205,19.375,2.6323925500922e-16
142.940882982605,19.375,2.51698572970027e-16
143.393227549006,19.375,1.70346440072443e-16
143.845572115407,19.375,1.47059325952003e-16
144.297916681807,19.375,2.11357130000363e-16
144.750261248208,19.375,1.75108534806493e-16
145.202605814609,19.375,-5.78767082712747e-17
145.654950381009,19.375,-2.63516408671947e-16
146.10729494741,19.375,-3.33561124303931e-16
146.559639513811,19.375,-3.42842838420517e-16
147.011984080211,19.375,-2.90117285935833e-16
147.464328646612,19.375,-2.23297274609393e-16
147.916673213013,19.375,1.17745729325222e-06
148.369017779413,19.375,1.04881377938879e-05
148.821362345814,19.375,3.89722129877548e-05
149.273706912215,19.375,9.57824962809083e-05
149.726051478615,19.375,0.000191262133856618
150.178396045016,19.375,0.000336528293090649
150.630740611416,19.375,0.000535952867364763
151.083085177817,19.375,0.000782283751622997
151.535429744218,19.375,0.001056061062401
151.987774310618,19.3751089306941,0.0013293240468058
152.440118877019,19.3757460056236,0.00156938821350221
152.89246344342,19.3768740419631,0.00174855312572765
153.34480800982,19.3784316766981,0.00185110871002299
153.797152576221,19.3803854707483,0.00185905827118515
154.249497142622,19.3827266737677,0.00174955994954701
154.701841709022,19.3854703330856,0.00150565004510485
155.154186275423,19.388656815535,0.00111116196196394
155.606530841824,19.3923556039913,0.000560777250854376
156.058875408224,19.396514424966,-0.000122428214379331
156.511219974625,19.400707236157,-0.000889831387424715
156.963564541026,19.4049000473481,-0.00167500185196765
157.415909107426,19.4088174396115,-0.0024043508458284
157.868253673827,19.4116570291679,-0.00300848096525104
158.320598240227,19.413526016175,-0.00344060207596006
158.772942806628,19.4145426331477,-0.00368786710052171
159.225287373029,19.4147698975288,-0.00375049796154871
159.677631939429,19.414221749009,-0.00363116694510937
160.12997650583,19.4128644708139,-0.00333887092140604
160.582321072231,19.4106132888728,-0.00288449285246725
161.034665638631,19.4073244758625,-0.00229820711455114
161.487010205032,19.4031722222113,-0.00164039402506549
161.939354771433,19.3989794110202,-0.000979577677455287
162.391699337833,19.3947865998292,-0.000377065534349014
162.844043904234,19.3906786355785,0.000121166953997702
163.296388470635,19.3868436359039,0.000492643891154443
163.748733037035,19.3832485431337,0.000739187785529829
164.201077603436,19.3798649088692,0.000878615813998335
164.653422169837,19.3766779355498,0.000929074725173136
165.105766736237,19.3736850265592,0.000909528127372001
165.558111302638,19.3708955212187,0.000841742715496025
166.010455869039,19.3683316339355,0.000738553239797931
166.462800435439,19.3660305015166,0.000609752473728567
166.91514500184,19.3639290328023,0.000471036761672895
167.367489568241,19.3618325872211,0.000338242159034816
167.819834134641,19.35973614164,0.000223774120667993
168.272178701042,19.357639699966,0.000135047827683295
168.724523267442,19.3555432687694,7.31431667423615e-05
169.176867833843,19.3534468466236,3.40976278797394e-05
169.629212400244,19.3513504324852,1.34337964062567e-05
170.081556966644,19.3492540258258,1.07153370438412e-05
170.533901533045,19.3471576265801,2.63807098386039e-05
170.986246099446,19.3450612351395,5.99214222944161e-05
171.438590665846,19.3429648523907,0.000114627908260801
171.890935232247,19.340868479797,0.000195362722596176
172.343279798648,19.3387721141232,0.000302744086686619
172.795624365048,19.3366757485133,0.000431221948473387
173.247968931449,19.3345793829034,0.000569644415030103
173.70031349785,19.3326045748268,0.000702999392870015
174.15265806425,19.3309043101497,0.000815032574084907
174.605002630651,19.3294387422001,0.000894009644478789
175.057347197052,19.3281815996005,0.000932322490527447
175.509691763452,19.3271199737429,0.000919753830690056
175.962036329853,19.3262530405385,0.000845772599684658
176.414380896253,19.3255919762213,0.000702023728365097
176.866725462654,19.3251610731453,0.000481081444866781
177.319070029055,19.3249999254785,0.000184119411356805
177.771414595455,19.3249998092651,-0.00017317964348021
178.223759161856,19.3249998092651,-0.000563275694039897
178.676103728257,19.3249998092651,-0.000951440287734301
179.128448294657,19.3247153413828,-0.00130068749964118
179.580792861058,19.3238855411045,-0.00157848525692848
180.033137427459,19.3225912853038,-0.00176710406926173
180.485481993859,19.3208829806035,-0.00186398468206467
180.93782656026,19.3187845778138,-0.00187182480288643
181.390171126661,19.3162959545065,-0.00179575109230039
181.842515693061,19.3133929025047,-0.00164252860044175
182.294860259462,19.3100247211691,-0.001422248695439
182.747204825863,19.306110477702,-0.00115730603449241
183.199549392263,19.301917666511,-0.000880073117070113
183.651893958664,19.2977248553199,-0.000621003004711282
184.104238525065,19.2935320441374,-0.000402966206170629
184.556583091465,19.2893392392101,-0.000237910782887658
185.008927657866,19.2851464445544,-0.000125336399036108
185.461272224266,19.2809536586664,-5.57855558894215e-05
185.913616790667,19.2767608806249,-1.80888788445315e-05
186.365961357068,19.2725681100085,-2.97585447026515e-06
186.818305923468,19.2683753468533,3.2851927091503e-08
187.270650489869,19.2641825916566,2.83831927050794e-08
187.72299505627,19.2599898454263,2.17984673928061e-08
188.17533962267,19.2557971096739,1.33884685271905e-08
188.627684189071,19.251604378454,3.80006631180507e-09
189.080028755472,19.2474116472342,-6.12780277231929e-09
189.532373321872,19.243218915937,-1.55084944073607e-08
189.984717888273,19.2390261776186,-2.35344618790829e-08
190.437062454674,19.2348334291636,-2.96259096549863e-08
190.889407021074,19.2306406720287,2.72205853125488e-08
191.341751587475,19.2264479070953,2.39515278483721e-06
191.794096153876,19.2222551347497,1.22057834572743e-05
192.246440720276,19.2180623549221,3.43384058955532e-05
192.698785286677,19.213869567079,7.35965646964842e-05
193.151129853078,19.2096767701715,0.000135775283052116
193.603474419478,19.2054839627913,0.000224797398308501
194.055818985879,19.2012911516003,0.000339519381102577
194.508163552279,19.1970983404092,0.000472461247984956
194.96050811868,19.1929111554812,0.00061117362297751
195.412852685081,19.1889260039403,0.000739797214537449
195.865197251481,19.1852031478468,0.000842666511724317
196.317541817882,19.1817056166377,0.000910508585394665
196.769886384283,19.1784113369906,0.000940332736689917
197.222230950683,19.175311095427,0.000931365576882758
197.674575517084,19.1724076114086,0.000883868765624085
198.126920083485,19.169715814849,0.000799139277869867
198.579264649885,19.167264307799,0.0006826545700229
199.031609216286,19.1650853987294,0.00054736216682919
199.483953782687,19.1629890331195,0.00040960872485381
199.936298349087,19.1608926675095,0.000283863187746965
200.388642915488,19.1587963014806,0.000180543996447317
200.840987481889,19.156699927138,0.000104165741025336
201.293332048289,19.1546035429172,5.32447574904904e-05
201.74567661469,19.1525071501826,2.22785012757477e-05
202.19802118109,19.1504107497373,3.23336621933677e-06
202.650365747491,19.148314341898,-1.38193030153099e-05
203.102710313892,19.1462179265272,-3.908003070799e-05
203.555054880293,19.1441215030187,-8.13697300975113e-05
204.007399446693,19.1420250702391,-0.000147374991758684
204.459744013094,19.139928627205,-0.000240423920654778
204.912088579494,19.1378321816239,-0.000358463682646191
205.364433145895,19.1357357360428,-0.000493130186123162
205.816777712296,19.1336212121011,-0.000631378857897625
206.269122278696,19.1312748769671,-0.00075708607592762
206.721466845097,19.1286728362352,-0.00085512618069686
207.173811411498,19.1258496672532,-0.000917076189594781
207.626155977898,19.122825414218,-0.000937615158014115
208.078500544299,19.1196074757683,-0.000910664615374877
208.5308451107,19.1161913535117,-0.000831974751061264
208.9831896771,19.1125601940387,-0.000698170758931132
209.435534243501,19.108683159936,-0.000509932849273441
209.887878809902,19.1045429506486,-0.000278165477467467
210.340223376302,19.1003501394576,-2.17220810931407e-05
210.792567942703,19.0961573282666,0.000236667944499809
211.244912509103,19.0919914006922,0.000473996740727388
211.697257075504,19.0880691722206,0.000670485333546579
212.149601641905,19.0843995136964,0.000813573774625432
212.601946208306,19.0809490195943,0.000901247673190269
213.054290774706,19.0776986428521,0.000936553153543044
213.506635341107,19.0746418852701,0.000923501726771218
213.958979907507,19.0717841385651,0.000868094803659989
214.411324473908,19.0691432324287,0.000775605247956099
214.863669040309,19.0667511453456,0.000653541835128061
215.316013606709,19.0646147108937,0.00051623716747691
215.76835817311,19.0625183452838,0.000379991382259931
216.220702739511,19.0604219796739,0.000258478234252745
216.673047305911,19.0583256126383,0.000160985066303204
217.125391872312,19.0562292359284,9.06026427076195e-05
217.577736438713,19.0541328497003,4.47412394503562e-05
218.030081005113,19.0520364551842,1.82660789038025e-05
218.482425571514,19.0499400530688,9.48592983358059e-06
218.934770137915,19.047843643568,1.93109361858063e-05
219.387114704315,19.0457472264417,4.68246971882312e-05
219.839459270716,19.0436508009724,9.39481841752041e-05
220.291803837117,19.041554365896,0.000165846758902655
220.744148403517,19.0394579214283,0.000264840182162002
221.196492969918,19.0373614758472,0.000387477609841194
221.648837536318,19.035265030266,0.000524171483442039
222.101182102719,19.0332181078047,0.000661040492466054
222.55352666912,19.0314327785652,0.000781752486311111
223.00587123552,19.0298940119471,0.000872293547215221
223.458215801921,19.0285707038872,0.00092611209654946
223.910560368322,19.0274457728345,0.000941540274269904
224.362904934722,19.0265145114384,0.000918150169783958
224.815249501123,19.0257841074544,0.000856561739781174
225.267594067524,19.0252743713502,0.000759089661547088
225.719938633924,19.0250196058734,0.000633737480896115
226.172283200325,19.0249996185303,0.000495557708424912
226.624627766726,19.0249996185303,0.000360699003561582
227.076972333126,19.0249996185303,0.000242274358603229
227.529316899527,19.0249996185303,0.000148748586834193
227.981661465928,19.0249996185303,8.22828647894336e-05
228.434006032328,19.0249996185303,3.96231974857471e-05
228.886350598729,19.0249996185303,1.49822097987188e-05
229.33869516513,19.0249996185303,3.41471068241751e-06
229.79103973153,19.0249996185303,2.16047856414753e-07
230.243384297931,19.0249996185303,5.00114744566121e-16
230.695728864331,19.0249996185303,3.81258499918449e-16
231.148073430732,19.0249996185303,2.10316058200032e-16
231.600417997133,19.0249996185303,-5.53659732527853e-18
232.052762563533,19.0249996185303,-9.25071630785584e-17
232.505107129934,19.0249996185303,-2.14466856611331e-16
232.957451696335,19.0249996185303,-3.05330990522405e-16
233.409796262735,19.0249996185303,-2.66222710011843e-16
233.862140829136,19.0249996185303,-3.17681001839818e-16
234.314485395537,19.0249996185303,-3.27286199182566e-16
234.766829961937,19.0249996185303,-2.02541978339125e-16
235.219174528338,19.0249996185303,-1.62633984451748e-16
235.671519094739,19.0249996185303,-3.14322546089827e-17
236.123863661139,19.0249996185303,1.36687194533188e-16
236.57620822754,19.0249996185303,1.96844412257399e-16
237.028552793941,19.0249996185303,2.92900045146078e-16
237.480897360341,19.0249996185303,2.98139674520002e-16
237.933241926742,19.0249996185303,3.39736338067543e-16
238.385586493143,19.0249996185303,3.99148443939729e-16
238.837931059543,19.0249996185303,2.71422612349836e-16
239.290275625944,19.0249996185303,1.75091150024604e-16
239.742620192344,19.0249996185303,1.44647248241493e-16
240.194964758745,19.0249996185303,7.64310622346802e-17
240.647309325146,19.0249996185303,-1.21770417039248e-16
241.099653891546,19.0249996185303,-3.40153349130713e-16
241.551998457947,19.0249996185303,-2.60140988555828e-16
242.004343024348,19.0249996185303,-9.59111894746587e-17
242.456687590748,19.0249996185303,-1.92878494931703e-16
242.909032157149,19.0249996185303,-2.16121575288456e-16
243.36137672355,19.0249996185303,-9.40175147297965e-17
243.81372128995,19.0249996185303,-1.13901225798678e-16
244.266065856351,19.0249996185303,-6.6169697427903e-17
244.718410422752,19.0249996185303,-1.0780660168899e-17
245.170754989152,19.0249996185303,-9.23744500329023e-17
245.623099555553,19.0249996185303,-1.95636804610406e-16
246.075444121954,19.0249996185303,-3.15313239743378e-16
246.527788688354,19.0249996185303,-3.4565328458786e-16
246.980133254755,19.0249996185303,-2.13022137152771e-16
247.432477821156,19.0249996185303,1.47272226891511e-16
247.884822387556,19.0249996185303,5.04191154322798e-16
248.337166953957,19.0249996185303,4.78678363031983e-16
248.789511520357,19.0249996185303,3.92610744249604e-16
249.241856086758,19.0249996185303,4.56347366828512e-16
249.694200653159,19.0249996185303,3.20272103097981e-16
250.146545219559,19.0249996185303,2.71448225228716e-17
250.59888978596,19.0249996185303,-2.39862206346928e-16
251.051234352361,19.0249996185303,-5.19930598241165e-16
251.503578918761,19.0249996185303,-7.045973900334e-16
251.955923485162,19.0249996185303,-6.65205081716113e-16
252.408268051563,19.0249996185303,-4.45285667864941e-16
252.860612617963,19.0249996185303,-1.44665308129623e-16
253.312957184364,19.0249996185303,1.06633804802929e-16
253.765301750765,19.0249996185303,2.40914738304834e-16
254.217646317165,19.0249996185303,3.61122830883446e-16
254.669990883566,19.0249996185303,4.64515256059086e-16
255.122335449967,19.0249996185303,4.93535359366374e-16
255.574680016367,19.0249996185303,-1.23980773179682e-08
256.027024582768,19.0249996185303,-1.96164864918723e-06
256.479369149169,19.0249996185303,-1.07549221342051e-05
256.931713715569,19.0249996185303,-3.14146230125379e-05
257.38405828197,19.0249996185303,-6.86657735900793e-05
257.83640284837,19.0249996185303,-0.000128242013568662
258.288747414771,19.0249996185303,-0.000214438887146034
258.741091981172,19.0249996185303,-0.000326728749317766
259.193436547572,19.0249996185303,-0.000458274147544355
259.645781113973,19.0249984715407,-0.000597058227891137
260.098125680374,19.0248205012057,-0.000727466200487345
260.550470246774,19.0243755036037,-0.000833555989956995
261.002814813175,19.0237021245352,-0.000905188331681825
261.455159379576,19.0228238548263,-0.000936726881873959
261.907503945976,19.0217511644629,-0.000922224514364526
262.359848512377,19.02048255096,-0.000856915941547436
262.812193078778,19.0190043858977,-0.000737154504642297
263.264537645178,19.0172895705354,-0.000562018587261081
263.716882211579,19.0152999666709,-0.000339671460187587
264.16922677798,19.013203601061,-8.73869722339073e-05
264.62157134438,19.0111072354511,0.000172708131173288
265.073915910781,19.0090149496406,0.000417384757058126
265.526260477182,19.007118240068,0.000625668328654563
265.978605043582,19.0054850840587,0.000782746609357239
266.430949609983,19.0040780604142,0.000884195699194076
266.883294176383,19.0028747140349,0.000932336642525846
267.335638742784,19.0018654918098,0.000930951706572083
267.787983309185,19.0010527827024,0.000885670404784885
268.240327875585,19.0004511616106,0.000801933167416672
268.692672441986,19.0000888193578,0.000686201063363972
269.145017008387,19,0.000551223625240354
269.597361574787,19,0.000413338135440752
270.049706141188,19,0.000287108502963766
270.502050707589,19,0.000183084419049621
270.954395273989,19,0.00010595892408233
271.40673984039,19,5.43941066393778e-05
271.859084406791,19,2.314298539294e-05
272.311428973191,19,6.85349709256376e-06
272.763773539592,19,9.60069165490667e-07
273.216118105993,19,7.08885758144984e-17
273.668462672393,19,2.23085542819815e-16
274.120807238794,19,4.31492035180076e-16
274.573151805195,19,4.69089343259422e-16
275.025496371595,19,3.63389830932417e-16
275.477840937996,19,1.7450689247912e-16
275.930185504396,19,-4.35692342724916e-17
276.382530070797,19,-2.88124104171e-16
276.834874637198,19,-5.48512728876211e-16
277.287219203598,19,-6.36890450748416e-16
277.739563769999,19,-6.30096826683063e-16
278.1919083364,19,-4.61509310231e-16
278.6442529028,19,-7.84299404472693e-17
279.096597469201,19,1.84369152051364e-17
279.548942035602,19,9.64332783880855e-17
280.001286602002,19,3.45365495853118e-16
280.453631168403,19,2.94583196945364e-16
280.905975734804,19,1.45104564169316e-16
281.358320301204,19,4.25574834410822e-18
281.810664867605,19,-1.79570362883319e-16
282.263009434006,19,-2.58799540785328e-16
282.715354000406,19,-1.53618265180167e-16
283.167698566807,19,1.71848636776796e-16
283.620043133208,19,5.18436883849898e-16
284.072387699608,19,6.64127125660495e-16
284.524732266009,19,5.40318077621826e-16
284.977076832409,19,1.28263298525302e-16
285.42942139881,19,-3.05524194187754e-16
285.881765965211,19,-3.92935344599408e-16
286.334110531611,19,-4.05329131763941e-16
286.786455098012,19,-4.231791089143e-16
287.238799664413,19,-2.14565490491914e-16
287.691144230813,19,1.95958879858838e-17
288.143488797214,19,2.22908138576613e-16
288.595833363615,19,3.14893212741745e-16
289.048177930015,19,1.90388821105429e-16
289.500522496416,19,3.2149843183152e-17
289.952867062817,19,-8.89888696235336e-17
290.405211629217,19,-2.69025332740053e-16
290.857556195618,19,-4.21672054579876e-16
291.309900762019,19,-3.24634422979327e-16
291.762245328419,19,-1.20004148698757e-16
292.21458989482,19,2.87969138924973e-17
292.66693446122,19,2.72360166613166e-16
293.119279027621,19,5.10933442623223e-16
293.571623594022,19,6.23133283312077e-16
294.023968160422,19,5.62269896312549e-16
294.476312726823,19,4.07287488230838e-16
294.928657293224,19,2.7112048912557e-16
295.381001859624,19,6.94025566803317e-17
295.833346426025,19,-3.25359192017453e-17
296.285690992426,19,-7.19308192971217e-17
296.738035558826,19,-6.63160723892032e-17
297.190380125227,19,2.68461273298162e-17
297.642724691628,19,-2.01704042448791e-17
298.095069258028,19,-1.72857986741151e-16
298.547413824429,19,-2.69082321737352e-16
298.99975839083,19,-3.30757625871769e-16
299.45210295723,19,-4.7195150731219e-16
299.904447523631,19,-6.04921439839676e-16
300.356792090032,19,-6.2699856022967e-16
300.809136656432,19,-4.84735041335274e-16
301.261481222833,19,-1.90227852348982e-16
301.713825789234,19,8.5421157075427e-17
302.166170355634,19,3.4466046019832e-16
302.618514922035,19,5.54413618057813e-16
303.070859488435,19,5.91952640072484e-16
303.523204054836,19,4.64145781771054e-16
303.975548621237,19,2.61453123150765e-16
304.427893187637,19,5.39723007358835e-17
304.880237754038,19,-1.86451634269291e-16
305.332582320439,19,-3.55722159161891e-16
305.784926886839,19,-3.56395598365796e-16
306.23727145324,19,-2.86752466313278e-16
306.689616019641,19,-1.44840996298688e-16
307.141960586041,19,1.32418492344523e-16
307.594305152442,19,3.72899656181986e-16
308.046649718843,19,3.37467376095492e-16
308.498994285243,19,1.88040922526954e-16
308.951338851644,19,-7.03395960255033e-18
309.403683418045,19,-3.75587227624436e-16
309.856027984445,19,-6.47840561986848e-16
310.308372550846,19,-6.51666199159622e-16
310.760717117247,19,-4.61085474253168e-16
311.213061683647,19,-1.8698207731377e-16
311.665406250048,19,1.71951905900293e-16
312.117750816448,19,5.92826017768342e-16
312.570095382849,19,9.07690846617262e-16
313.02243994925,19,9.92983852298763e-16
313.47478451565,19,8.15446714206946e-16
313.927129082051,19,5.64166868374226e-16
314.379473648452,19,2.68146775409436e-16
314.831818214852,19,-1.15090388634447e-16
315.284162781253,19,-4.9378370615141e-16
315.736507347654,19,-7.9117237831659e-16
316.188851914054,19,-8.49566575787788e-16
316.641196480455,19,-6.94552302171055e-16
317.093541046856,19,-4.75665390516017e-16
317.545885613256,19,-2.04696128860406e-16
317.998230179657,19,2.55557741001993e-17
318.450574746058,19,9.01415291490034e-17
318.902919312458,19,5.85258149581097e-17
319.355263878859,19,5.23368491585919e-17
319.80760844526,19,8.87618800434436e-17
320.25995301166,19,4.56081111208546e-17
320.712297578061,19,-8.81284077104581e-17
321.164642144461,19,1.27347874716808e-17
321.616986710862,19,2.79730397042627e-16
322.069331277263,19,4.55217198128506e-16
322.521675843663,19,5.92275711205897e-16
322.974020410064,19,6.3983477513324e-16
323.426364976465,19,4.60367885678999e-16
323.878709542865,19,1.23360339776816e-16
324.331054109266,19,-1.56557369039309e-16
324.783398675667,19,-4.3930591823266e-16
325.235743242067,19,-6.63796865567853e-16
325.688087808468,19,-6.9096155160869e-16
326.140432374869,19,-6.20891792823982e-16
326.592776941269,19,-3.42695419926757e-16
327.04512150767,19,9.08686955628041e-17
327.497466074071,19,3.45223682543546e-16
327.949810640471,19,4.14628157071233e-16
328.402155206872,19,4.17233980274375e-16
328.854499773272,19,2.48462539221304e-16
329.306844339673,19,-2.00422147891792e-17
329.759188906074,19,-1.71415149600536e-16
330.211533472475,19,-2.55284805096049e-16
330.663878038875,19,-4.16473996498053e-16
331.116222605276,19,-3.00416086252803e-08
331.568567171676,19,-2.16313923790943e-06
332.020911738077,19,-1.14156276913461e-05
332.473256304478,19,-3.27410473631334e-05
332.925600870878,19,-7.0899551654489e-05
333.377945437279,19,-0.000131659222718005
333.83029000368,19,-0.000219149003656405
334.28263457008,19,-0.000332560846195011
334.734979136481,19,-0.000464760313481058
335.187323702882,18.9999972207457,-0.000603530699440294
335.639668269282,18.9998056029152,-0.00073313938993002
336.092012835683,18.9993491497141,-0.000837761682630667
336.544357402084,18.9986657365155,-0.000907682547915746
336.996701968484,18.9977782026667,-0.000939654781673308
337.449046534885,18.996696442011,-0.000932852433934815
337.901391101285,18.9954183957894,-0.000887477683945885
338.353735667686,18.9939298424324,-0.000804733401774986
338.806080234087,18.9922029993385,-0.000689758760507403
339.258424800487,18.9902019507094,-0.000555099940194788
339.710769366888,18.9881055850995,-0.000417082434036569
340.163113933289,18.9860092194896,-0.000290365477058071
340.615458499689,18.9839128538797,-0.000185629114922668
341.06780306609,18.9818164882698,-0.000107746175118369
341.520147632491,18.9797201226599,-5.55269876385208e-05
341.972492198891,18.97762375705,-2.37881553002806e-05
342.424836765292,18.9755273914401,-7.14606983587256e-06
342.877181331693,18.9734310258302,-1.03082734728982e-06
343.329525898093,18.9713346602203,-1.42119825385735e-09
343.781870464494,18.9692382946103,-2.99076418414427e-09
344.234215030895,18.9671419290004,-5.45407166924364e-09
344.686559597295,18.9650455633905,-8.94679556142657e-09
345.138904163696,18.9629491977806,-1.34036092219317e-08
345.591248730097,18.9608528321707,-1.8517741428716e-08
346.043593296497,18.9587564660789,-2.37998718276567e-08
346.495937862898,18.956660091531,-2.86382205073867e-08
346.948282429299,18.9545637071368,-3.24474042100052e-08
347.400626995699,18.9524673142491,-3.49013065762696e-08
347.8529715621,18.9503709136611,-3.59009881440442e-08
348.3053161285,18.9482745056808,-3.54202585014037e-08
348.757660694901,18.9461780901618,-3.34727372505762e-08
349.210005261302,18.9440816664887,-3.01152252359316e-08
349.662349827702,18.9419852335173,-2.55792808494332e-08
350.114694394103,18.9398887903393,-2.03826235140951e-08
350.567038960504,18.9377923447582,-1.51490446065782e-08
351.019383526904,18.935695899177,-1.04179827168508e-08
351.471728093305,18.9335994535959,-6.56934141553588e-09
351.924072659706,18.9315030080148,-3.75241630627866e-09
352.376417226106,18.9294065624336,-1.89233049454236e-09
352.828761792507,18.9273101168525,-3.18575177715783e-07
353.281106358908,18.9252136712714,-3.95351100034472e-06
353.733450925308,18.9231172256902,-1.63640780235214e-05
354.185795491709,18.9210207801091,-4.21978416495954e-05
354.63814005811,18.918924334528,-8.64696441229302e-05
355.09048462451,18.9168278889468,-0.00015491939312627
355.542829190911,18.9147314433657,-0.000250469437090173
355.995173757312,18.9126349977846,-0.000370486472834394
356.447518323712,18.9105385522034,-0.000506079657994491
356.899862890113,18.9084127062608,-0.000643847285268475
357.352207456513,18.9060404633192,-0.000767552232984939
357.804552022914,18.9034164574691,-0.000862490424498562
358.256896589315,18.9005737945966,-0.000921210522082159
358.709241155715,18.8975312672081,-0.000941661432383386
359.161585722116,18.8942951436667,-0.000923293695074525
359.613930288517,18.8908598041726,-0.000866607585696618
360.066274854917,18.8872071697818,-0.000773485803844937
360.518619421318,18.8833049710794,-0.000651000475344497
360.970963987719,18.87914936964,-0.000513584321588279
361.423308554119,18.8749566384202,-0.000377522062605313
361.87565312052,18.8707639072003,-0.000256415360102146
362.327997686921,18.8665711729045,-0.000159447442680087
362.780342253321,18.8623784190907,-8.95874843644205e-05
363.232686819722,18.8581856462987,-4.41562621897294e-05
363.685031386123,18.8539928569665,-1.74626843127284e-05
364.137375952523,18.8498000524527,-4.43959837960866e-06
364.589720518924,18.8456072331672,-4.70095175727589e-07
365.042065085325,18.8414143986127,-6.20552308429115e-08
365.494409651725,18.8372215473346,-5.11318205876317e-08
365.946754218126,18.8330286767823,-3.61351955677496e-08
366.399098784526,18.8288357876554,-1.80247302820315e-08
366.851443350927,18.8246428964932,1.68994869938048e-09
367.303787917328,18.8204500053309,2.12533276347405e-08
367.756132483728,18.8162571182036,3.89315291063458e-08
368.208477050129,18.8120642511659,5.32868441756963e-08
368.66082161653,18.8078714028826,6.34885568871648e-08
369.11316618293,18.8036785710028,1.51978764942623e-06
369.565510749331,18.7994857542421,1.17717991673954e-05
370.017855315732,18.7952929522588,4.18442216951735e-05
370.470199882132,18.7911001656189,0.000100865982071677
370.922544448533,18.7869073958532,0.000199319375266264
371.374889014934,18.7827146456019,0.00034810470375874
371.827233581334,18.7785219130157,0.000550941733176092
372.279578147735,18.7743291817958,0.000799741035252426
372.731922714136,18.770136450576,0.00107438029538478
373.184267280536,18.7660778918695,0.00134643303948983
373.636611846937,18.7625571587436,0.00158319177541878
374.088956413338,18.7595223705409,0.00175777727749102
374.541300979738,18.7569141506957,0.00185652292030004
374.993645546139,18.7547007661125,0.00186875024878443
375.445990112539,18.7528750389516,0.00178282620087545
375.89833467894,18.7514536148764,0.00159103554914496
376.350679245341,18.75047864257,0.00128808744190902
376.803023811741,18.7500217041491,0.000880786034339287
377.255368378142,18.75,0.00039702180052698
377.707712944543,18.75,-0.000122154402643387
378.160057510943,18.75,-0.000630402503570029
378.612402077344,18.749834213589,-0.00108293590701929
379.064746643745,18.7491231314549,-0.00144389067544587
379.517091210145,18.7479316037617,-0.00169467366397008
379.969435776546,18.7463167854525,-0.00183379726765293
380.421780342947,18.7443084946463,-0.00186016905263548
380.874124909347,18.7419121322885,-0.0017720109795791
381.326469475748,18.7391092333091,-0.00157224287398132
381.778814042149,18.7358556091065,-0.00126099835962361
382.231158608549,18.7320772698272,-0.000846814488473827
382.68350317495,18.7278956008005,-0.000358874343412152
383.135847741351,18.7237028695807,0.000161098378550386
383.588192307751,18.7195101383609,0.000666668315838788
384.040536874152,18.7155179763567,0.0011134371561866
384.492881440552,18.7120749142884,0.00146650887783644
384.945226006953,18.709106978156,0.00170895898024243
385.397570573354,18.7065592068003,0.00184234427470729
385.849915139754,18.7044036806094,0.00187392603996249
386.302259706155,18.7026367724403,0.00181310797934625
386.754604272556,18.7012787772095,0.00167183864181149
387.206948838956,18.7003759466284,0.00146129729808452
387.659293405357,18.7000047089729,0.0012013669563017
388.111637971758,18.7000007629395,0.000923804360132299
388.563982538158,18.7000007629395,0.000659973556784805
389.016327104559,18.7000007629395,0.000434132857873761
389.46867167096,18.7000007629395,0.000260290852089039
389.92101623736,18.7000007629394,0.000139816094592875
390.373360803761,18.7000007629395,6.43023134040909e-05
390.825705370162,18.7000007629395,1.922011140635e-05
391.278049936562,18.7000007629394,-1.40201611667145e-05
391.730394502963,18.7000007629395,-5.58596199039688e-05
392.182739069363,18.7000007629395,-0.000125510206622202
392.635083635764,18.7000007629395,-0.000238160982567406
393.087428202165,18.7000007629395,-0.000403302984868769
393.539772768565,18.7000007629395,-0.000621418782467187
393.992117334966,18.7000007629394,-0.000880539714048664
394.444461901367,18.7000007629395,-0.00115778125609605
394.896806467767,18.6997212859514,-0.00142267978296851
395.349151034168,18.698895844338,-0.00164286639169242
395.801495600569,18.6976053683996,-0.00179597381487688
396.253840166969,18.6959005144762,-0.00187366962107245
396.70618473337,18.6938054515941,-0.00187395013453033
397.158529299771,18.691320264513,-0.00179680630224008
397.610873866171,18.6884209623867,-0.00164422702818697
398.063218432572,18.6850570924291,-0.00142446558036119
398.515562998973,18.6811477630595,-0.00115976855900733
398.967907565373,18.6769548718972,-0.00088248541820559
399.420252131774,18.672761980735,-0.000623126098201871
399.872596698175,18.6685690895827,-0.000404639238877669
400.324941264575,18.664376210751,-0.000239089057870938
400.777285830976,18.6601833524945,-0.000126077112402235
401.229630397376,18.6559905117944,-5.61997147926088e-05
401.681974963777,18.651797686799,-1.82657708264492e-05
402.134319530178,18.647604876657,-2.9945628741422e-06
402.586664096578,18.6434120814329,6.57635260633822e-08
403.039008662979,18.6392193021129,5.68633119283217e-08
403.49135322938,18.6350265407032,4.37299899519705e-08
403.94369779578,18.6308338002414,2.69371942500924e-08
404.396042362181,18.6266410690216,7.77410196434951e-09
404.848386928582,18.6224483378018,-1.20833901318742e-08
405.300731494982,18.6182556064503,-3.08618797260492e-08
405.753076061383,18.6140628612275,-4.69435848046848e-08
406.205420627784,18.6098700957003,-5.91635029871922e-08
406.657765194184,18.605677312793,-6.71345048224614e-08
407.110109760585,18.6014845142778,-7.0849117157371e-08
407.562454326986,18.5972917009355,-7.02031924674531e-08
408.014798893386,18.5930988726342,-6.52435820077312e-08
408.467143459787,18.5889060283158,-5.60251544753576e-08
408.919488026188,18.5847131658915,-4.25853976977325e-08
409.371832592588,18.5805202825138,-2.55637428604403e-08
409.824177158989,18.5763273913515,-6.28778046743634e-09
410.276521725389,18.5721345001893,1.35502925752421e-08
410.72886629179,18.5679416094171,3.21788222213967e-08
411.181210858191,18.5637487339063,4.80037844998733e-08
411.633555424592,18.5595558784369,5.99072994753256e-08
412.085899990992,18.5553630401774,1.78545802361225e-07
412.538244557393,18.5511702174348,2.85835011606616e-06
412.990589123793,18.546977409498,1.3347946367721e-05
413.442933690194,18.5427846165664,3.64494776976617e-05
413.895278256595,18.5385918397707,7.70208343707667e-05
414.347622822995,18.5343990812831,0.000140870212163977
414.799967389396,18.5302063436171,0.000231666463711422
415.252311955797,18.5260136123973,0.000347867992068306
415.704656522197,18.5218208811775,0.000481598667131103
416.157001088598,18.5176384169938,0.000620143007641405
416.609345654999,18.5136721311244,0.000747512831394461
417.061690221399,18.5099651778161,0.000848261349677958
417.5140347878,18.5064816514093,0.000913256477778703
417.966379354201,18.5032003803968,0.000934419432295815
418.418723920601,18.50011295506,0.000900327423108791
418.871068487002,18.4972228791737,0.000801854440665446
419.323413053403,18.4945459272415,0.000630584082674538
419.775757619803,18.4921116805807,0.000380813024088857
420.228102186204,18.4899467844896,5.920578958724e-05
420.680446752604,18.4878504188797,-0.000313883995699209
421.132791319005,18.4857540532698,-0.000707588231178791
421.585135885406,18.4836233676376,-0.00108578685647251
422.037480451806,18.4810320820723,-0.00141216541820849
422.489825018207,18.477928617133,-0.00165822280431465
422.942169584608,18.4743824066958,-0.001812165746476
423.394514151008,18.4704337756165,-0.0018656740564811
423.846858717409,18.4660977330741,-0.00180571909998568
424.29920328381,18.4613654906214,-0.00162461581559468
424.75154785021,18.4562035672727,-0.00131429392989207
425.203892416611,18.4505505507261,-0.000870966864152465
425.656236983012,18.4443696496008,-0.000313219014475204
426.108581549412,18.4380803928286,0.000318883199927334
426.560926115813,18.4317911360564,0.000971177237396875
427.013270682214,18.4255791755916,0.00158432558956094
427.465615248614,18.4200944393782,0.00210247069815281
427.917959815015,18.4153684928226,0.00248549043616948
428.370304381416,18.4113007111172,0.00272077490281651
428.822648947816,18.4078336050955,0.0028059468663796
429.274993514217,18.4049473648019,0.00273745731308655
429.727338080617,18.4026578511838,0.00251852769645559
430.179682647018,18.4010182086561,0.00215138736508101
430.632027213419,18.4001239690083,0.00164645232590398
431.084371779819,18.3999996185303,0.00104115671450606
431.53671634622,18.3999996185303,0.000390268979494271
431.989060912621,18.3999996185303,-0.000246802962864969
432.441405479021,18.3999275024437,-0.00081490677978119
432.893750045422,18.3993502993462,-0.00127204761768297
433.346094611823,18.3982733722327,-0.0015969336794886
433.798439178223,18.3967614829288,-0.00179230250195101
434.250783744624,18.3948509789968,-0.00186962962600999
434.703128311025,18.3925532719493,-0.00184171250848466
435.155472877425,18.3898559964732,-0.00172615166447012
435.607817443826,18.3867217556145,-0.00153674928842976
436.060162010227,18.3830845573983,-0.00128965169523493
436.512506576627,18.3789525747776,-0.00101419889301329
436.964851143028,18.3747598435578,-0.000742880249489473
437.417195709429,18.370567112338,-0.000502553007652625
437.869540275829,18.3663743774549,-0.000311076981638163
438.32188484223,18.362181622678,-0.000173806727902281
438.77422940863,18.3579888490643,-8.49600042951492e-05
439.226573975031,18.3537960589968,-3.3067504939924e-05
439.678918541432,18.3496032537876,-8.08497603922943e-06
440.131263107832,18.3454104338036,-7.25173761629441e-07
440.583607674233,18.3412175985047,-6.16384274671759e-08
441.035952240634,18.3370247463882,-5.05162036824788e-08
441.488296807034,18.3328318748478,-3.53475518435103e-08
441.940641373435,18.3286389852858,-1.71255196970145e-08
442.392985939836,18.3244460941236,2.62187229574155e-09
442.845330506236,18.3202532029613,2.21345681463461e-08
443.297675072637,18.3160603164996,3.96860308024091e-08
443.750019639038,18.3118674504123,5.38597631592947e-08
444.202364205438,18.3076746029425,6.38623140662381e-08
444.654708771839,18.3034817717933,1.73042689668716e-06
445.10705333824,18.2992889557268,1.26813943023284e-05
445.55939790464,18.2950961544439,4.39067003350476e-05
446.011742471041,18.2909033685538,0.00010453059377688
446.464087037442,18.2867105996356,0.000205137171372789
446.916431603842,18.2825178503862,0.000356449209652474
447.368776170243,18.2783251181533,0.000561708514628597
447.821120736643,18.2741323869335,0.000812225661857664
448.273465303044,18.2699396557137,0.00108741896744796
448.725809869445,18.2659005670868,0.00135853453837096
449.178154435845,18.2624044242939,0.00159286990650846
449.630499002246,18.2593907535672,0.00176416822979318
450.082843568647,18.2568015760506,0.00186114839136594
450.535188135047,18.2546063625781,0.00188111718244111
450.987532701448,18.2527990510103,0.00182349650184605
451.439877267849,18.2513974278123,0.00168978367907255
451.892221834249,18.2504449193775,0.00148572890858271
452.34456640065,18.2500146154804,0.00122946732238799
452.796910967051,18.25,0.00095216276724031
453.249255533451,18.25,0.000685640590043229
453.701600099852,18.25,0.00045501248466562
454.153944666253,18.25,0.000275556025120655
454.606289232653,18.25,0.000149874220903546
455.058633799054,18.25,7.0320834424975e-05
455.510978365454,18.25,2.28694611510261e-05
455.963322931855,18.25,-1.06346114369654e-05
456.415667498256,18.25,-5.06355633611646e-05
456.868012064656,18.25,-0.000116671519018176
457.320356631057,18.25,-0.000224327798257937
457.772701197458,18.25,-0.000383793135806333
458.225045763858,18.25,-0.000596710663334082
458.677390330259,18.25,-0.00085245687048621
459.12973489666,18.25,-0.00112905318453159
459.58207946306,18.2497760000988,-0.00139672171754256
460.034424029461,18.249002358804,-0.00162289420861577
460.486768595862,18.2477568397192,-0.00178351372817858
460.939113162262,18.2460930409793,-0.00186909666750139
461.391457728663,18.2440376985578,-0.00187742667958588
461.843802295064,18.2415933273791,-0.00180825101087948
462.296146861464,18.2387384782249,-0.00166335310128534
462.748491427865,18.2354255922274,-0.00144989303733193
463.200835994266,18.2315766949275,-0.00118840082192219
463.653180560666,18.2273852683609,-0.000910854063614656
464.105525127067,18.2231925371411,-0.000648371159450632
464.557869693467,18.2189998059212,-0.000424806089146417
465.010214259868,18.2148070646363,-0.000253567068464733
465.462558826269,18.2106143024616,-0.000135462063036072
465.914903392669,18.2064215224779,-6.17562858874743e-05
466.36724795907,18.2022287266479,-2.10192247415557e-05
466.819592525471,18.1980359159198,-3.8305070948688e-06
467.271937091871,18.1938430903222,-8.0540931846783e-08
467.724281658272,18.1896502489662,-5.7975920702005e-08
468.176626224673,18.1854573899573,-4.52714226871254e-08
468.628970791073,18.1812645102279,-2.88067460313033e-08
469.081315357474,18.1770716190656,-9.8151814755732e-09
469.533659923875,18.1728787279034,1.0052581727943e-08
469.986004490275,18.1686858367411,2.90228823248599e-08
470.438349056676,18.1644929572806,4.54482647995874e-08
470.890693623077,18.160300098498,5.81023244878971e-08
471.343038189477,18.156107257339,7.64676063719098e-08
471.795382755878,18.1519144319222,1.99726216182703e-06
472.247727322279,18.14772162137,1.07061710696309e-05
472.700071888679,18.1435288257215,3.12392877652243e-05
473.15241645508,18.1393360459366,6.8315487720307e-05
473.60476102148,18.1351432839909,0.000127661033670563
474.057105587881,18.1309505429564,0.000213602547140972
474.509450154282,18.1267578117366,0.000325665735590365
474.961794720682,18.1225650805167,0.000457070586006582
475.414139287083,18.1183732701353,0.000595839294185929
475.866483853484,18.1143559444626,0.000726381268581844
476.318828419884,18.1106060488534,0.000832734869584751
476.771172986285,18.1070847946796,0.000904693939119687
477.223517552686,18.1037685700263,0.000936605554625985
477.675862119086,18.1006467976419,0.0009225320084976
478.128206685487,18.0977208762869,0.000857685923885791
478.580551251888,18.0950043236122,0.000738415550327456
479.032895818288,18.0925241104195,0.000563752480056943
479.485240384689,18.090318705576,0.000341759159948684
479.93758495109,18.0882222599948,8.96502786581322e-05
480.38992951749,18.0861258144137,-0.00017047260585638
480.842274083891,18.0840257243174,-0.000415377635491958
481.294618650292,18.081732144392,-0.000624053486489432
481.746963216692,18.0791746095271,-0.000781615040584258
482.199307783093,18.0763906834321,-0.000883458171210755
482.651652349494,18.0734029417938,-0.000929505850507178
483.103996915894,18.0702210447286,-0.000918332722755609
483.556341482295,18.0668427070708,-0.000850716243447508
484.008686048695,18.0632534650878,-0.000727272999146964
484.461030615096,18.0594252564601,-0.000548629660185311
484.913375181497,18.0553232832381,-0.000323695313484565
485.365719747897,18.0511304720471,-7.01777048019147e-05
485.818064314298,18.046937660856,0.000189618195611199
486.270408880699,18.0427529936092,0.000432496801548755
486.722753447099,18.038778739612,0.000637771804187897
487.1750980135,18.03506506401,0.000791191597705891
487.627442579901,18.0315756127525,0.000889008192615474
488.079787146301,18.0282888346645,0.00093375960285501
488.532131712702,18.0251959813798,0.000929274800430294
488.984476279103,18.0223002258458,0.00088131120091707
489.436820845503,18.0196169859565,0.000795237852772731
489.889165411904,18.0171754294001,0.000677751977183783
490.341509978304,18.0150047743774,0.00054206301579242
490.793854544705,18.0129084087675,0.000404524390113726
491.246199111106,18.0108120431576,0.000279472446546155
491.698543677507,18.0087156775476,0.000177141003470943
492.150888243907,18.0066193119377,0.000101799128325417
492.603232810308,18.0045229463278,5.17651445170493e-05
493.055577376708,18.0024265807179,2.18960354390505e-05
493.507921943109,18.000330215108,9.74273717535474e-06
493.96026650951,17.9982338494981,1.6151248349282e-05
494.41261107591,17.9961374838882,4.0308943901384e-05
494.864955642311,17.9940411182783,8.34008611119023e-05
495.317300208712,17.9919447526684,0.000150401065246463
495.769644775112,17.9898483870585,0.000244475227723649
496.221989341513,17.9877520214485,0.00036333475858562
496.674333907914,17.9856556558386,0.00049839815625141
497.126678474314,17.9835816522982,0.000636473676534556
497.579023040715,17.9817457732061,0.000761386391097391
498.031367607116,17.9801639816815,0.000858174258884102
498.483712173516,17.9788023012908,0.000918639009540171
498.936056739917,17.9776411986923,0.000937482151914286
499.388401306318,17.976673735666,0.000908631419247426
499.840745872718,17.975904866312,0.000827898465038732
500.293090439119,17.9753519410396,0.000691973302123671
500.74543500552,17.9750463774849,0.00050182238506063
501.19777957192,17.9750003814697,0.000268739882857405
501.650124138321,17.9750003814697,1.1799429524902e-05
502.102468704721,17.9750003814697,-0.000246197504690237
502.554813271122,17.9749683516743,-0.000482298276609331
503.007157837523,17.9746873264602,-0.000676926995396902
503.459502403923,17.974155310367,-0.000817891153201011
503.911846970324,17.9734051144174,-0.000903500253039133
504.364191536725,17.9724552793829,-0.000936886311484845
504.816536103125,17.9713118447489,-0.000922109033315141
505.268880669526,17.9699689617892,-0.000865199384360793
505.721225235927,17.9684082996093,-0.00077143021387632
506.173569802327,17.9665972932163,-0.000648503845945372
506.625914368728,17.9645352309509,-0.000510951720490409
507.078258935129,17.962438865341,-0.000375043878125571
507.530603501529,17.9603424997311,-0.000254312431571323
507.98294806793,17.9582461324667,-0.000157838737009303
508.435292634331,17.9561497553634,-8.84734738503455e-05
508.887637200731,17.9540533688,-4.34507781897169e-05
509.339981767132,17.9519569739841,-1.64514902728539e-05
509.792326333533,17.9498605715857,1.08180888141771e-06
510.244670899933,17.947764161801,1.92962684757167e-05
510.697015466334,17.9456677443725,4.82472683842888e-05
511.149360032734,17.9435713185633,9.62235054075093e-05
511.601704599135,17.9414748830867,0.000169138412014096
512.054049165536,17.9393784384317,0.000269126998583888
512.506393731936,17.9372819928506,0.000392497049961726
512.958738298337,17.9351855472694,0.000529465262504393
513.411082864738,17.9331454616795,0.000666013834035655
513.863427431138,17.9313703090249,0.000785797048439041
514.315771997539,17.9298402448969,0.000875026728594738
514.76811656394,17.9285247434233,0.000927404624930901
515.22046113034,17.9274072187636,0.000941359496387185
515.672805696741,17.926483418921,0.000916500188434047
516.125150263142,17.9257609926727,0.000853481488617805
516.577494829542,17.925260262866,0.000754760391141856
517.029839395943,17.9250161353254,0.000628623030445855
517.482183962344,17.9250001907349,0.000490279768109114
517.934528528744,17.9250001907349,0.000355824508445156
518.386873095145,17.9250001907349,0.000238222310399835
518.839217661545,17.9250001907349,0.000145719103326375
519.291562227946,17.9250001907349,8.02415024065264e-05
519.743906794347,17.9250001907349,3.83757393403446e-05
520.196251360748,17.9250001907349,1.24362363979249e-05
520.648595927148,17.9250001907349,-1.03930120314225e-05
521.100940493549,17.9250001907349,-4.57859620639376e-05
521.553285059949,17.9250001907349,-0.000108212137469326
522.00562962635,17.9250001907349,-0.000211008738262263
522.457974192751,17.9250001907349,-0.00036487390925598
522.910318759151,17.9250001907349,-0.000572559132243932
523.362663325552,17.9250001907349,-0.000824770432081284
523.815007891953,17.9250001907349,-0.00110047563888431
524.267352458353,17.9248258197616,-0.00137059556106477
524.719697024754,17.9241048252031,-0.00160244994719149
525.172041591155,17.9229047511435,-0.00177043651089699
525.624386157555,17.9212821908691,-0.00186158432264794
526.076730723956,17.9192664768062,-0.00186502968870025
526.529075290357,17.9168625568552,-0.00176948350936283
526.981419856757,17.9140514994226,-0.00156737180688187
527.433764423158,17.9107885905412,-0.00125400343993362
527.886108989558,17.9069992192783,-0.000838076648306769
528.338453555959,17.9028153162467,-0.00034909672880291
528.79079812236,17.8986225050557,0.00017104729352225
529.24314268876,17.8944296938646,0.000675902017595744
529.695487255161,17.8904468390996,0.00112117317792754
530.147831821562,17.8870134856567,0.00147221698510866
530.600176387962,17.8840539375073,0.00171254287700822
531.052520954363,17.881513788187,0.00184391710658132
531.504865520764,17.8793655997637,0.00187362495457621
531.957210087164,17.8776061975462,0.00181116210053781
532.409554653565,17.8762563458357,0.00166843844646022
532.861899219966,17.8753628278063,0.00145670077388104
533.314243786366,17.875002700701,0.00119611924261034
533.766588352767,17.875,0.000918544842922353
534.218932919168,17.875,0.000655245097285495
534.671277485568,17.875,0.000430315694268637
535.123622051969,17.875,0.000257523175890774
535.57596661837,17.875,0.000138008187460128
536.02831118477,17.875,6.32294906691955e-05
536.480655751171,17.875,1.85684004460672e-05
536.933000317572,17.875,-1.4646381347625e-05
537.385344883972,17.875,-5.68516040635225e-05
537.837689450373,17.875,-0.000127192050998541
538.290034016773,17.875,-0.000240783225574609
538.742378583174,17.875,-0.000406984559126955
539.194723149575,17.875,-0.00062605699224209
539.647067715975,17.875,-0.000885780264149722
540.099412282376,17.875,-0.001163101392036
540.551756848777,17.874709573906,-0.00142743596571759
541.004101415177,17.8738746118549,-0.00164646957981071
541.456445981578,17.8725758647929,-0.00179814847396452
541.908790547979,17.8708634458163,-0.00187073361872715
542.361135114379,17.8687610486254,-0.00185263057323987
542.81347968078,17.8662683059339,-0.00173371641499674
543.265824247181,17.8633607519393,-0.00150662030767739
543.718168813581,17.8599873914933,-0.00116840700138462
544.170513379982,17.8560673060299,-0.000732801468206493
544.622857946383,17.8518744948389,-0.000232822809518031
545.075202512783,17.8476816836479,0.000287939339812108
545.527547079184,17.8434896042038,0.000782989398535974
545.979891645585,17.8396312874622,0.00120948471197042
546.432236211985,17.8363105079004,0.00153599956221958
546.884580778386,17.8334487626904,0.00175123538070564
547.336925344787,17.8309980467591,0.00185696761685724
547.789269911187,17.8289365181167,0.0018556436736858
548.241614477588,17.8272663148463,0.00175302498448734
548.693959043988,17.826013773533,0.00155556794865877
549.146303610389,17.8252320336825,0.00126975904776728
549.59864817679,17.8249998092651,0.000915241546386692
550.05099274319,17.8249998092651,0.000525315355848341
550.503337309591,17.8249998092651,0.000136946175351609
550.955681875992,17.8249973876937,-0.000215564238826938
551.408026442392,17.8248082977893,-0.000505672604503013
551.860371008793,17.824353956707,-0.000718997159423834
552.312715575194,17.8236723844502,-0.000855698442279877
552.765060141594,17.8227865423456,-0.000923450020377487
553.217404707995,17.821706431864,-0.000930606220354853
553.669749274395,17.8204300979152,-0.000888072759438925
554.122093840796,17.8189434292107,-0.000805637038351523
554.574438407197,17.8172187699998,-0.000690896122674508
555.026782973598,17.8152197321866,-0.000556331427529055
555.479127539998,17.8131232866054,-0.00041826477387025
555.931472106399,17.8110268410243,-0.000291386109136245
556.3838166728,17.8089303956821,-0.000186416967376787
556.8361612392,17.8068339581352,-0.000108287588741081
557.288505805601,17.8047375305761,-5.5855848849231e-05
557.740850372001,17.8026411116008,-2.38309348549384e-05
558.193194938402,17.8005447003727,-4.30547481143691e-06
558.645539504803,17.7984482965451,1.25707065460308e-05
559.097884071203,17.7963519002266,3.70129111842538e-05
559.550228637604,17.7942555119915,7.79755915056852e-05
560.002573204005,17.7921591329369,0.000142319353838979
560.454917770405,17.7900627642651,0.000233636482689345
560.907262336806,17.7879663986552,0.000350268499448186
561.359606903207,17.7858700330453,0.000484225726945975
561.811951469607,17.7837855299357,0.000622716196116278
562.264296036008,17.7819210006085,0.000749717776773181
562.716640602409,17.7803149641736,0.000849852691709895
563.168985168809,17.778931820263,0.000914090633801152
563.62132973521,17.7777506562507,0.000934313727551759
564.073674301611,17.7767632940209,0.000899071478579055
564.526018868011,17.7759734644437,0.000799291003063018
564.978363434412,17.7753971876516,0.000626564244159702
565.430708000813,17.7750643304933,0.000375324447510671
565.883052567213,17.7749996185303,5.2519380801875e-05
566.335397133614,17.7749996185303,-0.0003212638681401
566.787741700014,17.7749996185303,-0.000715006178956878
567.240086266415,17.7749612292416,-0.00109253527917902
567.692430832816,17.7744556953632,-0.00141760528823473
568.144775399216,17.7734396316551,-0.00166197070167907
568.597119965617,17.771981866538,-0.00181438029707443
569.049464532018,17.7701222111462,-0.00186943432964359
569.501809098418,17.7678752131528,-0.00181954407426726
569.954153664819,17.7652316290694,-0.00166175963758969
570.40649823122,17.762157483348,-0.00139300498044702
570.85884279762,17.7585907876249,-0.00101549319698034
571.311187364021,17.7544995977848,-0.00055124578686342
571.763531930422,17.750306866565,-3.80897739253806e-05
572.215876496822,17.7461141353452,0.000478476489768989
572.668221063223,17.7419778708925,0.000952466874605117
573.120565629624,17.7383319607644,0.00134443326706767
573.572910196024,17.7351903162791,0.0016294542911795
574.025254762425,17.7324864510376,0.00180283708463245
574.477599328825,17.7301825467385,0.00186432112077458
574.929943895226,17.728265855999,0.00181095930280306
575.382288461627,17.7267474093354,0.00164555044525898
575.834633028027,17.7256631361206,0.00136848165430346
576.286977594428,17.7250773084744,0.000983516994881897
576.739322160829,17.7250003814697,0.000514184046744369
577.191666727229,17.7250003814697,-8.42485082756734e-07
577.64401129363,17.7250003814697,-0.000515795441159349
578.096355860031,17.7249224727674,-0.000984918105853816
578.548700426431,17.7243349119651,-0.00136957051792635
579.001044992832,17.7232491507636,-0.00164628749101583
579.453389559233,17.7217293647265,-0.00181245287531345
579.905734125633,17.7198114003787,-0.00187452352249256
580.358078692034,17.7175062122806,-0.00184074621369352
580.810423258435,17.7148009763517,-0.00172323524650141
581.262767824835,17.7116577891878,-0.00153255337406548
581.715112391236,17.7080100640726,-0.00128460568880431
582.167456957637,17.7038728825962,-0.00100891612391205
582.619801524037,17.6996800714051,-0.000737936194638356
583.072146090438,17.6954872602141,-0.000498381333398904
583.524490656838,17.691294449023,-0.000307902826627119
583.976835223239,17.687101637832,-0.000171619420583753
584.42917978964,17.682908826641,-8.35804420549757e-05
584.88152435604,17.6787160154499,-3.08745471548883e-05
585.333868922441,17.6745232042589,3.8038922931152e-06
585.786213488842,17.6703303930678,4.07956150347783e-05
586.238558055242,17.6661375818768,0.000100128209616839
586.690902621643,17.6619447706857,0.00019819250582313
587.143247188044,17.6577519594947,0.000346520674969422
587.595591754444,17.6535591483037,0.000548919264250075
588.047936320845,17.6493663371126,0.000797408975891263
588.500280887246,17.6451735259216,0.00107195290427819
588.952625453646,17.641111399426,0.00134418483149584
589.404970020047,17.6375859922329,0.00158139754978622
589.857314586448,17.6345471946426,0.00175659910627193
590.309659152848,17.6319353671269,0.00185692778398248
590.762003719249,17.6297185507662,0.00187558889265487
591.21434828565,17.6278893593971,0.00180640708833189
591.66669285205,17.626464226723,0.00164621497068578
592.119037418451,17.6254850649882,0.00139498299934307
592.571381984851,17.6250231779142,0.00106466793362627
593.023726551252,17.625,0.000684527655209897
593.476071117653,17.625,0.000291064163682414
593.928415684053,17.625,-7.97793142495212e-05
594.380760250454,17.6249190388326,-0.000397616186597566
594.833104816855,17.6245657716179,-0.000642819274255354
595.285449383255,17.6239719645179,-0.000809600723512638
595.737793949656,17.6231663242675,-0.000902993284201794
596.190138516057,17.622163871538,-0.000927338721153726
596.642483082457,17.6209674106796,-0.00088650653930022
597.094827648858,17.6195678158721,-0.000787237564133033
597.547172215259,17.6179431127622,-0.000632100675332463
597.999516781659,17.6160564480937,-0.000425407854006227
598.45186134806,17.613966145684,-0.000181676359846711
598.904205914461,17.6118697800741,7.82701607561349e-05
599.356550480861,17.6097734144642,0.000331218449632516
599.808895047262,17.6077752171597,0.000554945700745821
600.261239613663,17.6060514409768,0.000731946336816921
600.713584180063,17.6045655344114,0.000853659149542249
601.165928746464,17.6032898892328,0.000918285407061129
601.618273312865,17.6022104349618,0.000920832988961992
602.070617879265,17.601325254304,0.000855277281328698
602.522962445666,17.6006443873663,0.000718409391111497
602.975307012066,17.6001908386775,0.000504833587949708
603.427651578467,17.6000026789086,0.000214497131125333
603.879996144868,17.6000003814697,-0.000138175134078872
604.332340711268,17.6000003814697,-0.000526606556492347
604.784685277669,17.6000003814697,-0.000916480519883439
605.23702984407,17.5997664917512,-0.00127082958132797
605.68937441047,17.5989831227592,-0.00155637744271814
606.141718976871,17.5977291594404,-0.0017535427899464
606.594063543272,17.5960576505268,-0.00186030442629259
607.046408109672,17.5939948532044,-0.00188376680065383
607.498752676073,17.591542830225,-0.00183394171095488
607.951097242474,17.5886796606415,-0.00172227066880639
608.403441808874,17.58535724927,-0.00156372064192813
608.855786375275,17.5814969862404,-0.00138391260123125
609.308130941676,17.5773047319327,-0.00121519789356083
609.760475508076,17.5731118407704,-0.0010826645157514
610.212820074477,17.5689189496082,-0.000998599166318395
610.665164640877,17.564588813004,-0.000960962719341589
611.117509207278,17.5599854383696,-0.000954143924924605
611.569853773679,17.555149287059,-0.000958023039861182
612.022198340079,17.5501058088837,-0.000956994001756957
612.47454290648,17.5448671959336,-0.000940654141855404
612.926887472881,17.5394335941672,-0.000898817898629092
613.379232039281,17.5337931183262,-0.000822859245867059
613.831576605682,17.5279206691244,-0.000713261224108815
614.283921172083,17.5217758518446,-0.000581065928942749
614.736265738483,17.5154867550148,-0.000442433720366278
615.188610304884,17.5091976581851,-0.000312644833447499
615.640954871285,17.5029085613506,-0.000203209656318277
616.093299437685,17.4966194523875,-0.000120215557468857
616.545644004086,17.4903303228171,-6.35123243286757e-05
616.997988570487,17.4840411756693,-2.84401689156012e-05
617.450333136887,17.4777520128051,-1.13500337788365e-05
617.902677703288,17.471462835084,-1.25286770910897e-05
618.355022269689,17.4651736424496,-3.17713853973309e-05
618.807366836089,17.4588844339239,-6.92152262854251e-05
619.25971140249,17.4525952075103,-0.000129043146880921
619.71205596889,17.4463059601583,-0.000215515414486117
620.164400535291,17.4400167033862,-0.000328043981617921
620.616745101692,17.433727446614,-0.000459726594911699
621.069089668092,17.4274367438571,-0.000598502853935156
621.521434234493,17.420966499098,-0.000728731504706784
621.973778800894,17.4142297133999,-0.0008344949336696
622.426123367294,17.4072648622885,-0.000905681938682291
622.878467933695,17.4000952926357,-0.000934481141500318
623.330812500096,17.3927313472855,-0.000909836603816559
623.783157066496,17.3851714012175,-0.000822105758556728
624.235501632897,17.3774016955785,-0.000662857496371179
624.687846199298,17.3693949814055,-0.000425437225752461
625.140190765698,17.3611135462429,-0.000114137290425984
625.592535332099,17.3527279238609,0.000252662124402413
626.0448798985,17.3443423014788,0.000645433233566135
626.4972244649,17.3359659304746,0.0010285739143469
626.949569031301,17.3279855851659,0.0013653319081466
627.401913597702,17.3205314218333,0.00162526277529046
627.854258164102,17.31352893154,0.00179443219912012
628.306602730503,17.3069334869937,0.0018672724104183
628.758947296903,17.3007262339845,0.00183631403381572
629.211291863304,17.29491219602,0.00169782820436773
629.663636429705,17.289520787057,0.00144880803923753
630.115980996105,17.2846086951289,0.00108950535259601
630.568325562506,17.2802430341847,0.00063816325016629
631.020670128907,17.2760503029648,0.000130444136592513
631.473014695307,17.271857571745,-0.000388943261476278
631.925359261708,17.2676456925158,-0.000873633114028763
632.377703828109,17.2630050081118,-0.00128242607784723
632.830048394509,17.2578448648358,-0.00158715120918084
633.28239296091,17.252237357274,-0.00178069215041832
633.734737527311,17.2462250678599,-0.00186824363695346
634.187082093711,17.2398250291899,-0.00185749430959245
634.639426660112,17.2330304415372,-0.00176002523636849
635.091771226513,17.2258099794808,-0.00158654077627591
635.544115792913,17.2181047392565,-0.00135058201769018
635.996460359314,17.2098597534821,-0.00107882158861999
636.448804925715,17.2014741311,-0.000803968699934893
636.901149492115,17.1930885087179,-0.000554562925856073
637.353494058516,17.1847028863358,-0.00035088521901365
637.805838624916,17.1763172639538,-0.000201229586347069
638.258183191317,17.1679316415717,-0.000102038041420625
638.710527757718,17.1595460191896,-4.19352108139194e-05
639.162872324118,17.1511603968075,-4.62762716709769e-06
639.615216890519,17.1427747744254,2.98648315182985e-05
640.06756145692,17.1343891520433,8.19041792227465e-05
640.51990602332,17.1260035296613,0.000168897142514757
640.972250589721,17.1176179072792,0.000303896377794221
641.424595156122,17.1092322848971,0.000493068574492351
641.876939722522,17.100846662515,0.000731600436044452
642.329284288923,17.0924610401329,0.00100211419229359
642.781628855324,17.0841247597979,0.00127808008415237
643.233973421724,17.0762706719905,0.00152710081629477
643.686317988125,17.068923179299,0.00171942262146424
644.138662554526,17.0620149242464,0.00183924171881554
644.591007120926,17.0555073474779,0.00187909400861637
645.043351687327,17.0493870316802,0.00183232903706254
645.495696253727,17.0436643417012,0.00169525304967556
645.948040820128,17.0383744785418,0.00146636669393499
646.400385386529,17.0335808629753,0.00115360424504937
646.852729952929,17.0293024214528,0.000782690454096565
647.30507451933,17.0251096902329,0.000389119199624636
647.757419085731,17.0209169590131,9.46430348144829e-06
648.209763652131,17.0166894593493,-0.000323970671564468
648.662108218532,17.0122104926889,-0.000588512429742692
649.114452784933,17.0074813010922,-0.000774662677676392
649.566797351333,17.0025344016676,-0.000886538519565193
650.019141917734,16.9973880840856,-0.00093241551918212
650.471486484135,16.9920481591607,-0.000920978278843884
650.923831050535,16.9865085490054,-0.000863777525769515
651.376175616936,16.9807506701093,-0.000769363317797816
651.828520183337,16.9747416609095,-0.000646001429051217
652.280864749737,16.9684840694756,-0.000508319386930897
652.733209316138,16.9621948926746,-0.000372570960490489
653.185553882539,16.9559057158737,-0.000252218276130095
653.637898448939,16.9496165390727,-0.000156239915705301
654.09024301534,16.9433273622718,-8.73683210286864e-05
654.54258758174,16.9370381854708,-4.27519439291228e-05
654.994932148141,16.9307490086699,-1.60157401912446e-05
655.447276714542,16.9244598318689,1.43631197216747e-06
655.899621280942,16.918170655068,1.97611006204497e-05
656.351965847343,16.911881478267,4.89975669502491e-05
656.804310413744,16.9055923014661,9.73961881046315e-05
657.256654980144,16.8993031246651,0.000170810570258675
657.708999546545,16.8930139478641,0.00027128234180306
658.161344112946,16.8867247710632,0.00039499911542265
658.613688679346,16.8804355942622,0.00053208227852323
659.066033245747,16.8742063503425,0.000668447707006168
659.518377812148,16.8682435042384,0.000787746540558029
659.970722378548,16.8625249999697,0.000876308387382503
660.423066944949,16.8570206016523,0.000928770490058654
660.87541151135,16.8517139716566,0.000947395403939994
661.32775607775,16.8466010857276,0.000937309656063298
661.780100644151,16.8416898229729,0.000903747502142016
662.232445210552,16.8370007619146,0.00085452216665506
662.684789776952,16.8325691087154,0.000803440858442766
663.137134343353,16.8283621277151,0.000767453184036247
663.589478909753,16.8241692365528,0.000758332333197288
664.041823476154,16.8199763453905,0.000778717916751872
664.494168042555,16.81585841848,0.000822396444107176
664.946512608955,16.8120115631718,0.000874823810670156
665.398857175356,16.8084062833604,0.000919319586195902
665.851201741757,16.8050134575226,0.000945373630009549
666.303546308157,16.8018177079268,0.00095073610934316
666.755890874558,16.7988158993136,0.00093580680109989
667.208235440959,16.7960168190934,0.000900580012215571
667.660580007359,16.7934420626634,0.000850669172722411
668.11292457376,16.7911280366862,0.00080014244877913
668.565269140161,16.7890237541021,0.000765828791227472
669.017613706561,16.7869273884922,0.000758889394984636
669.469958272962,16.7848310228822,0.000781310815405506
669.922302839363,16.7828262346278,0.000826180419294624
670.374647405763,16.7810952926796,0.000878520201054898
670.826991972164,16.7796032041543,0.000921877447085631
671.279336538565,16.7783219534142,0.000941653003418354
671.731681104965,16.7772371171234,0.000919104932397322
672.184025671366,16.7763464478561,0.000833022730814434
672.636370237766,16.7756596446585,0.000665264052943918
673.088714804167,16.7751993271072,0.000400287285379673
673.541059370568,16.7750031107859,3.24799471795256e-05
673.993403936968,16.7749996185303,-0.000424986166260306
674.445748503369,16.7749996185303,-0.000933158859654598
674.89809306977,16.7749996185303,-0.00143702290266365
675.35043763617,16.7746703106314,-0.00188230920412781
675.802782202571,16.773516531386,-0.00222743429872631
676.255126768972,16.771654034987,-0.00245310162742948
676.707471335372,16.7691635986151,-0.00256522220360381
677.159815901773,16.7660856565703,-0.00258605773543609
677.612160468174,16.7624242922075,-0.00254514822966077
678.064505034574,16.7581476550423,-0.00246904527060873
