Distance,Z_fondale,Z_AUV
0,-23.5875000953674,-20.5875000953674
6.78516849600965,-23.5937892721684,-20.5928441434382
13.5703369920193,-23.6003494106599,-20.599221529555
20.3555054880289,-23.6086920316357,-20.6072688177733
27.1406739840386,-23.6187787947922,-20.6170490914767
33.9258424800491,-23.6303849151739,-20.6283808261625
40.7110109760588,-23.6433847841182,-20.6411300102139
47.4961794720684,-23.6577399274826,-20.6552438122494
54.2813479680781,-23.6734950956251,-20.6707523181794
61.0665164640877,-23.6907828024161,-20.687772649143
67.8516849600974,-23.7098359273682,-20.7065202886458
74.636853456107,-23.7306037358239,-20.7269845089249
81.4220219521167,-23.7515677118079,-20.7478733823176
88.2071904481263,-23.7725316877919,-20.7688260719888
94.9923589441369,-23.7933425087337,-20.7896582127657
101.777527440147,-23.8133661330305,-20.809803339793
108.562695936156,-23.8326510986716,-20.8292175692892
115.347864432166,-23.8512903181562,-20.8479732561989
122.133032928175,-23.8693346940521,-20.8661245269233
128.918201424185,-23.8867980350015,-20.8836912490012
135.703369920195,-23.903658461353,-20.9006578164907
142.488538416204,-23.9198561909417,-20.9169710859683
149.273706912214,-23.9352879032713,-20.9325352774783
156.058875408225,-23.9500196862809,-20.947392153678
162.844043904234,-23.9646944054927,-20.9620942471882
169.629212400244,-23.9793691247046,-20.9767730801715
176.414380896254,-23.9936536844293,-20.9911168907324
183.199549392263,-24.0063287322011,-21.0040427178519
189.984717888273,-24.0175436114297,-21.0155147159466
196.769886384282,-24.0274773813661,-21.0256796486682
203.555054880292,-24.0362260404713,-21.0346411433999
210.340223376303,-24.043811860528,-21.0424336979308
217.125391872312,-24.0501856567978,-21.049020703216
223.910560368322,-24.0552218234513,-21.0542899277391
230.695728864332,-24.0587066045044,-21.0580428724715
237.480897360341,-24.0608734018887,-21.0604480338702
244.266065856351,-24.0629698474698,-21.0625908728344
251.051234352361,-24.065066293051,-21.0646942903485
257.83640284837,-24.0672433508537,-21.0668602815913
264.62157134438,-24.0696926498554,-21.0692670054975
271.40673984039,-24.0723825465302,-21.071914347363
278.1919083364,-24.0752843106204,-21.0747778772357
284.97707683241,-24.0783829011496,-21.0778411431768
291.762245328419,-24.0816754948782,-21.0810992738449
298.547413824429,-24.0851711982316,-21.0845592751061
305.332582320439,-24.0888919637712,-21.0882408533531
312.117750816448,-24.0928746190177,-21.0921782631675
318.902919312458,-24.0970612676721,-21.0963274565561
325.688087808468,-24.1012540788631,-21.1005137129245
332.473256304478,-24.1054468900542,-21.104705539066
339.258424800488,-24.109444125866,-21.1087320176415
346.043593296497,-24.1128925611345,-21.1122673204531
352.828761792507,-24.1158651363215,-21.1153244615638
359.613930288517,-24.1184171154013,-21.11795235569
366.399098784526,-24.1205766801374,-21.1201823003146
373.184267280536,-24.122347702913,-21.1220222892264
379.969435776546,-24.1237101421523,-21.1234564939654
386.754604272555,-24.1246180320043,-21.1244434776856
393.539772768566,-24.1249952818006,-21.1249123574468
400.324941264576,-24.125,-21.1249868291992
407.110109760585,-24.125,-21.1249980207104
413.895278256595,-24.125,-21.1249997025551
420.680446752604,-24.125,-21.1249999553004
427.465615248614,-24.125,-21.1249999932826
434.250783744624,-24.125,-21.1249999989905
441.035952240633,-24.125,-21.1249999998483
447.821120736643,-24.125,-21.1249999999772
454.606289232654,-24.125,-21.1249999999966
461.391457728663,-24.125,-21.1249999999995
468.176626224673,-24.125,-21.1249999999999
474.961794720683,-24.125,-21.125
481.746963216692,-24.125,-21.125
488.532131712702,-24.125,-21.125
495.317300208711,-24.125,-21.125
502.102468704721,-24.125,-21.125
508.887637200731,-24.125,-21.125
515.672805696741,-24.125,-21.125
522.457974192751,-24.125,-21.125
529.243142688761,-24.125,-21.125
536.02831118477,-24.125,-21.125
542.81347968078,-24.125,-21.125
549.59864817679,-24.125,-21.125
556.383816672799,-24.125,-21.125
563.16898516881,-24.125,-21.125
569.954153664819,-24.125,-21.125
576.739322160829,-24.125000104984,-21.1250000892072
583.524490656839,-24.1253172331498,-21.1252695731999
590.309659152848,-24.1261747264095,-21.1260387012459
597.094827648858,-24.1274931035513,-21.1272745379985
603.879996144868,-24.129223532744,-21.1289306405282
610.665164640877,-24.1313434446538,-21.1309808518103
617.450333136887,-24.1338542802581,-21.133422465433
624.235501632897,-24.1367816380737,-21.1362768262878
631.020670128906,-24.1401778104185,-21.1395915759566
637.805838624917,-24.1441228214465,-21.1434418721853
644.591007120926,-24.1483156326375,-21.1475832107049
651.376175616936,-24.1525084438286,-21.1517682866545
658.161344112946,-24.15669845947,-21.155957559966
664.946512608955,-24.1605302155274,-21.1598430432183
671.731681104965,-24.1638287301449,-21.1632297666647
678.516849600975,-24.1666710081966,-21.1661538632121
685.302018096985,-24.1691037885813,-21.1686604779054
692.087186592995,-24.1711477964883,-21.170774005716
698.872355089004,-24.1727998195211,-21.172495383044
705.657523585014,-24.1740323796013,-21.1738014018994
712.442692081024,-24.1747910240201,-21.1746423049861
719.227860577033,-24.1750001907349,-21.174946408163
726.013029073043,-24.1750001907349,-21.1749921083649
732.798197569053,-24.1750001907349,-21.1749989761276
739.583366065062,-24.1750092696144,-21.1750077227236
746.368534561072,-24.1754136243887,-21.1753526260518
753.153703057082,-24.1763442962791,-21.1761952694585
759.938871553092,-24.1777267260685,-21.1774965809022
766.724040049102,-24.1795162435581,-21.1792127314671
773.509208545112,-24.1816939560283,-21.181321081057
780.294377041121,-24.1842648491345,-21.1838224637679
787.079545537131,-24.1872582957843,-21.1867419637342
793.86471403314,-24.1907309360904,-21.1901314788805
800.64988252915,-24.1947500992966,-21.1940560194532
807.435051025161,-24.1989429104877,-21.1982085153094
814.22021952117,-24.2031357216787,-21.2023952679681
821.00538801718,-24.2073096322512,-21.2065711084314
827.79055651319,-24.2110554005315,-21.2103815073603
834.575725009199,-24.2142815788429,-21.2136954815324
841.360893505209,-24.2170603114454,-21.2165546494925
848.146062001219,-24.2194342232296,-21.219001484899
854.931230497228,-24.2214203851202,-21.2210568761639
861.716398993238,-24.2230120353481,-21.222718216749
868.501567489247,-24.2241778899344,-21.2239585322811
875.286735985258,-24.2248590936735,-21.2247237585617
882.071904481268,-24.2250003814697,-21.2249588109644
888.857072977277,-24.2250003814697,-21.2249941343121
895.642241473287,-24.2250003814697,-21.2249994426556
902.427409969297,-24.2250003814697,-21.225000240386
909.212578465306,-24.2250003814697,-21.2250003602679
915.997746961316,-24.2250003814697,-21.2250003782835
922.782915457326,-24.2250003814697,-21.2250003809909
929.568083953336,-24.2250003814697,-21.2250003813978
936.353252449346,-24.2250003814697,-21.2250003814589
943.138420945355,-24.2250003814697,-21.2250003814681
949.923589441365,-24.2250003814697,-21.2250003814695
956.708757937375,-24.2250003814697,-21.2250003814697
963.493926433384,-24.2250003814697,-21.2250003814697
970.279094929394,-24.2250003814697,-21.2250003814697
977.064263425404,-24.2250003814697,-21.2250003814697
983.849431921413,-24.2250493285351,-21.2250419728383
990.634600417423,-24.225579965804,-21.2254991169704
997.419768913433,-24.2266173116685,-21.2264492709267
1004.20493740944,-24.228093961466,-21.2278467996625
1010.99010590545,-24.2299713149644,-21.2296520457638
1017.77527440146,-24.2322359170784,-21.231847616496
1024.56044289747,-24.2348980942248,-21.2344396726803
1031.34561139348,-24.2379930044444,-21.2374590146959
1038.13077988949,-24.241584017428,-21.2409641177627
1044.9159483855,-24.2456905260652,-21.2449802480084
1051.70111688151,-24.249883257285,-21.2491464398798
1058.48628537752,-24.2540759885049,-21.2533351828033
1065.27145387353,-24.2581996500169,-21.2574686246592
1072.05662236954,-24.2618207973736,-21.2611667589197
1078.84179086555,-24.2649413851686,-21.2643741395931
1085.62695936156,-24.267626494256,-21.2671377349271
1092.41212785757,-24.2699127444988,-21.2694957199253
1099.19729635358,-24.2718117952142,-21.2714637386456
1105.98246484959,-24.2733115292631,-21.2730338458626
1112.7676333456,-24.2743748230766,-21.2741733028886
1119.55280184161,-24.27493600533,-21.2748213874694
1126.33797033762,-24.2749996185303,-21.2749728342147
1133.12313883363,-24.2749996185303,-21.2749955934206
1139.90830732964,-24.2749996185303,-21.2749990136424
1146.69347582565,-24.27504588126,-21.2750388380597
1153.47864432166,-24.2753518717633,-21.2753048294943
1160.26381281767,-24.2759051615399,-21.2758149444762
1167.04898131368,-24.2766743572057,-21.2765452058577
1173.83414980969,-24.2776421291086,-21.2774772850102
1180.6193183057,-24.2788035421504,-21.2786042340746
1187.40448680171,-24.2801655537144,-21.2799309207735
1194.18965529772,-24.2817477183727,-21.2814746925599
1200.97482379373,-24.2835840375186,-21.283267048096
1207.75999228974,-24.2856582284053,-21.2852988851588
1214.54516078574,-24.2877545940152,-21.2873855535085
1221.33032928175,-24.2898509596251,-21.2894804618277
1228.11549777776,-24.2919473275099,-21.291576610371
1234.90066627377,-24.2940437055529,-21.2936729539251
1241.68583476978,-24.2961400929197,-21.2957693347078
1248.47100326579,-24.2982364884557,-21.2978657280267
1255.2561717618,-24.3003328915371,-21.299962129641
1262.04134025781,-24.3024293020094,-21.3020585387821
1268.82650875382,-24.3045257201727,-21.3041549555895
1275.61167724983,-24.306622146811,-21.3062513807505
1282.39684574584,-24.3087185832666,-21.3083478155088
1289.18201424185,-24.3108150283045,-21.3104442590018
1295.96718273786,-24.3129114738856,-21.3125407042692
1302.75235123387,-24.3150079194668,-21.3146371498032
1309.53751972988,-24.3170297400066,-21.3166701848832
1316.32268822589,-24.31878057873,-21.3184634316821
1323.1078567219,-24.3202897926666,-21.3200153296815
1329.89302521791,-24.3215865258632,-21.3213504086893
1336.67819371392,-24.3226861758376,-21.322485438611
1343.46336220993,-24.3235918966328,-21.3234256196623
1350.24853070594,-24.3242949205295,-21.3241642832059
1357.03369920195,-24.3247736746557,-21.3246820961574
1363.81886769796,-24.3249917793528,-21.3249452405936
1370.60403619397,-24.3249998092651,-21.3249916087612
1377.38920468998,-24.3249998092651,-21.3249985769048
1384.17437318599,-24.3249998092651,-21.3249996240678
1390.959541682,-24.3249998092651,-21.3249997814339
1397.74471017801,-24.3249998092651,-21.3249998050827
1404.52987867402,-24.3249998092651,-21.3249998086366
1411.31504717003,-24.3249998092651,-21.3249998091707
1418.10021566604,-24.3249998092651,-21.3249998092509
1424.88538416205,-24.3249998092651,-21.324999809263
1431.67055265806,-24.3249998092651,-21.3249998092648
1438.45572115407,-24.3249998092651,-21.3249998092651
1445.24088965008,-24.3249998092651,-21.3249998092651
1452.02605814609,-24.3249998092651,-21.3249998092651
1458.8112266421,-24.3249998092651,-21.3249998092651
1465.59639513811,-24.3249998092651,-21.3249998092651
1472.38156363412,-24.3249998092651,-21.3249998092651
1479.16673213013,-24.3249998092651,-21.3249998092651
1485.95190062614,-24.3249998092651,-21.3249998092651
1492.73706912214,-24.3249998092651,-21.3249998092651
1499.52223761815,-24.3249998092651,-21.3249998092651
1506.30740611416,-24.3249998092651,-21.3249998092651
1513.09257461017,-24.3249998092651,-21.3249998092651
1519.87774310618,-24.3249998092651,-21.3249998092651
1526.66291160219,-24.3249998092651,-21.3249998092651
1533.4480800982,-24.3249998092651,-21.3249998092651
1540.23324859421,-24.3249998092651,-21.3249998092651
1547.01841709022,-24.3249998092651,-21.3249998092651
1553.80358558623,-24.3249998092651,-21.3249998092651
1560.58875408224,-24.3249998092651,-21.3249998092651
1567.37392257825,-24.3249998092651,-21.3249998092651
1574.15909107426,-24.3249998092651,-21.3249998092651
1580.94425957027,-24.3249998092651,-21.3249998092651
1587.72942806628,-24.3249998092651,-21.3249998092651
1594.51459656229,-24.3249998092651,-21.3249998092651
1601.2997650583,-24.3249998092651,-21.3249998092651
1608.08493355431,-24.3249998092651,-21.3249998092651
1614.87010205032,-24.3249998092651,-21.3249998092651
1621.65527054633,-24.3249998092651,-21.3249998092651
1628.44043904234,-24.3249998092651,-21.3249998092651
1635.22560753835,-24.3249998092651,-21.3249998092651
1642.01077603436,-24.3249998092651,-21.3249998092651
1648.79594453037,-24.3249998092651,-21.3249998092651
1655.58111302638,-24.3249998092651,-21.3249998092651
1662.36628152239,-24.3249998092651,-21.3249998092651
1669.1514500184,-24.3249998092651,-21.3249998092651
1675.93661851441,-24.3249998092651,-21.3249998092651
1682.72178701042,-24.3249998092651,-21.3249998092651
1689.50695550643,-24.3249998092651,-21.3249998092651
1696.29212400244,-24.3249998092651,-21.3249998092651
1703.07729249845,-24.3249998092651,-21.3249998092651
1709.86246099446,-24.3249998092651,-21.3249998092651
1716.64762949047,-24.3249998092651,-21.3249998092651
1723.43279798648,-24.3249998092651,-21.3249998092651
1730.21796648249,-24.3249998092651,-21.3249998092651
1737.0031349785,-24.3249998092651,-21.3249998092651
1743.78830347451,-24.3249998092651,-21.3249998092651
1750.57347197052,-24.3249998092651,-21.3249998092651
1757.35864046652,-24.3249998092651,-21.3249998092651
1764.14380896254,-24.3249998092651,-21.3249998092651
1770.92897745854,-24.3249998092651,-21.3249998092651
1777.71414595455,-24.3249998092651,-21.3249998092651
1784.49931445056,-24.3249998092651,-21.3249998092651
1791.28448294657,-24.3250061322595,-21.3250051820487
1798.06965144258,-24.3253944371259,-21.325335940415
1804.85481993859,-24.3263116141569,-21.3261649912659
1811.6399884346,-24.3276821971074,-21.3274541935267
1818.42515693061,-24.3294607482968,-21.3291592060406
1825.21032542662,-24.3316276940039,-21.3312567330708
1831.99549392263,-24.3341873593488,-21.3337469489135
1838.78066241864,-24.3371684098716,-21.3366542374841
1845.56583091465,-24.3406266680257,-21.3400296966966
1852.35099941066,-24.3446329728853,-21.343941198951
1859.13616790667,-24.3488257840763,-21.3480917354268
1865.92133640268,-24.3530185952673,-21.3522781936325
1872.70650489869,-24.3571965729435,-21.3564574457508
1879.4916733947,-24.3609581652862,-21.3602818034229
1886.27684189071,-24.3641976857718,-21.3636092124264
1893.06201038672,-24.3669881742632,-21.3664803885845
1899.84717888273,-24.3693730145228,-21.3689383147255
1906.63234737874,-24.3713699546193,-21.3710045311628
1913.41751587475,-24.3729728945004,-21.3726770915995
1920.20268437076,-24.3741512637159,-21.3739297271834
1926.98785286677,-24.3748470351049,-21.3747091833481
1933.77302136278,-24.375,-21.3749562964786
1940.55818985879,-24.375,-21.3749934322957
1947.3433583548,-24.375,-21.3749990130145
1954.12852685081,-24.375,-21.3749998516772
1960.91369534682,-24.375,-21.3749999777103
1967.69886384283,-24.375,-21.3749999966503
1974.48403233884,-24.375,-21.3749999994966
1981.26920083485,-24.375,-21.3749999999244
1988.05436933086,-24.375,-21.3749999999886
1994.83953782687,-24.375,-21.3749999999983
2001.62470632288,-24.375,-21.3749999999998
2008.40987481889,-24.375,-21.375
2015.1950433149,-24.375,-21.375
2021.98021181091,-24.375,-21.375
2028.76538030692,-24.375,-21.375
2035.55054880292,-24.375,-21.375
2042.33571729893,-24.375,-21.375
2049.12088579494,-24.375,-21.375
2055.90605429095,-24.375,-21.375
2062.69122278696,-24.375,-21.375
2069.47639128297,-24.375,-21.375
2076.26155977898,-24.375,-21.375
2083.04672827499,-24.375,-21.375
2089.831896771,-24.375,-21.375
2096.61706526701,-24.375,-21.375
2103.40223376302,-24.375,-21.375
2110.18740225903,-24.375,-21.375
2116.97257075504,-24.375,-21.375
2123.75773925105,-24.375,-21.375
2130.54290774706,-24.375,-21.375
2137.32807624307,-24.375,-21.375
2144.11324473908,-24.375,-21.375
2150.89841323509,-24.375,-21.375
2157.6835817311,-24.375,-21.375
2164.46875022711,-24.375,-21.375
2171.25391872312,-24.375,-21.375
2178.03908721913,-24.375,-21.375
2184.82425571514,-24.375,-21.375
2191.60942421115,-24.375,-21.375
2198.39459270716,-24.375,-21.375
2205.17976120317,-24.375,-21.375
2211.96492969918,-24.375,-21.375
2218.75009819519,-24.375,-21.375
2225.5352666912,-24.375,-21.375
2232.32043518721,-24.375,-21.375
2239.10560368322,-24.375,-21.375
2245.89077217923,-24.375,-21.375
2252.67594067524,-24.375,-21.375
2259.46110917125,-24.375,-21.375
2266.24627766726,-24.375,-21.375
2273.03144616327,-24.375,-21.375
2279.81661465928,-24.3751089306941,-21.3750925607411
2286.60178315529,-24.3757460056236,-21.3756478068367
2293.3869516513,-24.3768740419631,-21.3766897650562
2300.1721201473,-24.3784316766981,-21.3781699046427
2306.95728864331,-24.3803854707483,-21.3800525185598
2313.74245713932,-24.3827266737677,-21.3823248054475
2320.52762563533,-24.3854703330856,-21.3849976275732
2327.31279413134,-24.388656815535,-21.3881069178645
2334.09796262735,-24.3923556039913,-21.3917171173577
2340.88313112336,-24.396514424966,-21.3957934922602
2347.66829961937,-24.400707236157,-21.399968805568
2354.45346811538,-24.4049000473481,-21.4041589872015
2361.23863661139,-24.4088174396115,-21.4081173738715
2368.0238051074,-24.4116570291679,-21.4111250946999
2374.80897360341,-24.413526016175,-21.4131652090397
2381.59414209942,-24.4145426331477,-21.4143356357712
2388.37931059543,-24.4147698975288,-21.4147046372767
2395.16447909144,-24.414221749009,-21.4142943167853
2401.94964758745,-24.4128644708139,-21.413079346075
2408.73481608346,-24.4106132888728,-21.4109838845144
2415.51998457947,-24.4073244758625,-21.4078744066979
2422.30515307548,-24.4031722222113,-21.4038788599468
2429.09032157149,-24.3989794110202,-21.399715693381
2435.8754900675,-24.3947865998292,-21.395527337143
2442.66065856351,-24.3906786355785,-21.3914072916965
2449.44582705952,-24.3868436359039,-21.3875294557402
2456.23099555553,-24.3832485431337,-21.3838918727178
2463.01616405154,-24.3798649088692,-21.3804700753877
2469.80133254755,-24.3766779355498,-21.377247813043
2476.58650104356,-24.3736850265592,-21.3742204371498
2483.37166953957,-24.3708955212187,-21.3713951849539
2490.15683803558,-24.3683316339355,-21.3687920201157
2496.94200653159,-24.3660305015166,-21.3664454986855
2503.7271750276,-24.3639290328023,-21.3643072037903
2510.51234352361,-24.3618325872211,-21.3622044691526
2517.29751201962,-24.35973614164,-21.3601070784608
2524.08268051563,-24.357639699966,-21.3580104941697
2530.86784901164,-24.3555432687694,-21.3559140399663
2537.65301750765,-24.3534468466236,-21.3538176130029
2544.43818600366,-24.3513504324852,-21.3517211969372
2551.22335449967,-24.3492540258258,-21.3496247888642
2558.00852299568,-24.3471576265801,-21.347528388292
2564.79369149168,-24.3450612351395,-21.3454319954791
2571.5788599877,-24.3429648523907,-21.3433356112178
2578.3640284837,-24.340868479797,-21.3412392368707
2585.14919697972,-24.3387721141232,-21.3391428698936
2591.93436547572,-24.3366757485133,-21.3370465040782
2598.71953397173,-24.3345793829034,-21.3349501384374
2605.50470246774,-24.3326045748268,-21.3329570628593
2612.28987096375,-24.3309043101497,-21.3312127949679
2619.07503945976,-24.3294387422001,-21.3297053443792
2625.86020795577,-24.3281815996005,-21.3284105858436
2632.64537645178,-24.3271199737429,-21.3273139251319
2639.43054494779,-24.3262530405385,-21.3264124687976
2646.2157134438,-24.3255919762213,-21.3257152787029
2653.00088193981,-24.3251610731453,-21.3252443583846
2659.78605043582,-24.3249999254785,-21.3250366585152
2666.57121893183,-24.3249998092651,-21.3250053469191
2673.35638742784,-24.3249998092651,-21.3250006414561
2680.14155592385,-24.3249998092651,-21.3249999343256
2686.92672441986,-24.3247153413828,-21.3247581096139
2693.71189291587,-24.3238855411045,-21.3240166694848
2700.49706141188,-24.3225912853038,-21.3228054900533
2707.28222990789,-24.3208829806035,-21.3211718926459
2714.0673984039,-24.3187845778138,-21.3191433401618
2720.85256689991,-24.3162959545065,-21.316723855657
2727.63773539592,-24.3133929025047,-21.3138934735052
2734.42290389193,-24.3100247211691,-21.3106061118819
2741.20807238794,-24.306110477702,-21.3067860753451
2747.99324088395,-24.301917666511,-21.3026492842099
2754.77840937996,-24.2977248553199,-21.2984648916349
2761.56357787597,-24.2935320441374,-21.2942733455889
2768.34874637198,-24.2893392392101,-21.2900807298446
2775.13391486799,-24.2851464445544,-21.2858879620755
2781.919083364,-24.2809536586664,-21.2816951789103
2788.70425186001,-24.2767608806249,-21.2775024000989
2795.48942035602,-24.2725681100085,-21.2733096282509
2802.27458885203,-24.2683753468533,-21.2691168637894
2809.05975734804,-24.2641825916566,-21.2649241072004
2815.84492584405,-24.2599898454263,-21.2607313594134
2822.63009434006,-24.2557971096739,-21.2565386218524
2829.41526283607,-24.251604378454,-21.2523458896796
2836.20043133208,-24.2474116472342,-21.2481531583166
2842.98559982809,-24.243218915937,-21.2439604270095
2849.7707683241,-24.2390261776186,-21.2397676897447
2856.5559368201,-24.2348334291636,-21.2355749429714
2863.34110531611,-24.2306406720287,-21.2313821873936
2870.12627381212,-24.2264479070953,-21.2271894238661
2876.91144230813,-24.2222551347497,-21.2229966528458
2883.69661080414,-24.2180623549221,-21.2188038743416
2890.48177930015,-24.213869567079,-21.2146110879021
2897.26694779616,-24.2096767701715,-21.2104182925676
2904.05211629217,-24.2054839627913,-21.2062254869976
2910.83728478818,-24.2012911516003,-21.2020326766513
2917.62245328419,-24.1970983404092,-21.1978398655872
2924.4076217802,-24.1929111554812,-21.1936518351713
2931.19279027621,-24.1889260039403,-21.1896361952756
2937.97795877222,-24.1852031478468,-21.1858693400402
2944.76312726823,-24.1817056166377,-21.1823313351915
2951.54829576424,-24.1784113369906,-21.1790004288606
2958.33346426025,-24.175311095427,-21.175865523317
2965.11863275626,-24.1724076114086,-21.1729272615941
2971.90380125227,-24.169715814849,-21.170198426593
2978.68896974828,-24.167264307799,-21.1677052430848
2985.47413824429,-24.1650853987294,-21.1654791052902
2992.2593067403,-24.1629890331195,-21.1633632376972
2999.04447523631,-24.1608926675095,-21.1612639413564
3005.82964373232,-24.1587963014806,-21.1591671349643
3012.61481222833,-24.156699927138,-21.1570706956939
3019.39998072434,-24.1546035429172,-21.1549743032003
3026.18514922035,-24.1525071501826,-21.1528779105019
3032.97031771636,-24.1504107497373,-21.1507815112208
3039.75548621237,-24.148314341898,-21.1486851046676
3046.54065470838,-24.1462179265272,-21.1465886906219
3053.32582320439,-24.1441215030187,-21.1444922685355
3060.1109917004,-24.1420250702391,-21.1423958373629
3066.89616019641,-24.139928627205,-21.1402993961113
3073.68132869242,-24.1378321816239,-21.1382029511808
3080.46649718843,-24.1357357360428,-21.1361065056974
3087.25166568444,-24.1336212121011,-21.1339946985612
3094.03683418045,-24.1312748769671,-21.1316836079681
3100.82200267646,-24.1286728362352,-21.1291252908179
3107.60717117247,-24.1258496672532,-21.1263419234003
3114.39233966847,-24.122825414218,-21.1233538703202
3121.17750816448,-24.1196074757683,-21.1201704787237
3127.96267666049,-24.1161913535117,-21.1167893309065
3134.7478451565,-24.1125601940387,-21.1131957428369
3141.53301365251,-24.108683159936,-21.1093613046093
3148.31818214852,-24.1045429506486,-21.1052670461709
3155.10335064453,-24.1003501394576,-21.1010890453503
3161.88851914054,-24.0961573282666,-21.0968984598411
3168.67368763655,-24.0919914006922,-21.0927288267067
3175.45885613256,-24.0880691722206,-21.0887694186069
3182.24402462857,-24.0843995136964,-21.08505621692
3189.02919312458,-24.0809490195943,-21.081566243488
3195.81436162059,-24.0776986428521,-21.0782798604889
3202.5995301166,-24.0746418852701,-21.0751885951191
3209.38469861261,-24.0717841385651,-21.0722957555544
3216.16986710862,-24.0691432324287,-21.0696169892133
3222.95503560463,-24.0667511453456,-21.0671818203705
3229.74020410064,-24.0646147108937,-21.0650004925304
3236.52537259665,-24.0625183452838,-21.0628913589149
3243.31054109266,-24.0604219796739,-21.0607930745469
3250.09570958867,-24.0583256126383,-21.0586964193773
3256.88087808468,-24.0562292359284,-21.0566000008209
3263.66604658069,-24.0541328497003,-21.0545036097345
3270.4512150767,-24.0520364551842,-21.0524072157338
3277.23638357271,-24.0499400530688,-21.0503108148379
3284.02155206872,-24.047843643568,-21.0482144066302
3290.80672056473,-24.0457472264417,-21.0461179908442
3297.59188906074,-24.0436508009724,-21.0440215668301
3304.37705755675,-24.041554365896,-21.0419251334161
3311.16222605276,-24.0394579214283,-21.0398286906096
3317.94739454877,-24.0373614758472,-21.0377322454454
3324.73256304478,-24.035265030266,-21.0356357999269
3331.51773154079,-24.0332181078047,-21.0335814352096
3338.3029000368,-24.0314327785652,-21.0317556756931
3345.08806853281,-24.0298940119471,-21.030173780182
3351.87323702882,-24.0285707038872,-21.0288116119601
3358.65840552483,-24.0274457728345,-21.027651029236
3365.44357402084,-24.0265145114384,-21.0266853057501
3372.22874251685,-24.0257841074544,-21.0259195382791
3379.01391101286,-24.0252743713502,-21.0253713261377
3385.79907950886,-24.0250196058734,-21.0250724619048
3392.58424800487,-24.0249996185303,-21.0250105653312
3399.36941650088,-24.0249996185303,-21.0250012636003
3406.15458499689,-24.0249996185303,-21.0249998657491
3412.9397534929,-24.0249996185303,-21.024999655682
3419.72492198891,-24.0249996185303,-21.0249996241134
3426.51009048492,-24.0249996185303,-21.0249996193693
3433.29525898093,-24.0249996185303,-21.0249996186564
3440.08042747694,-24.0249996185303,-21.0249996185492
3446.86559597295,-24.0249996185303,-21.0249996185331
3453.65076446896,-24.0249996185303,-21.0249996185307
3460.43593296497,-24.0249996185303,-21.0249996185303
3467.22110146098,-24.0249996185303,-21.0249996185303
3474.00626995699,-24.0249996185303,-21.0249996185303
3480.791438453,-24.0249996185303,-21.0249996185303
3487.57660694901,-24.0249996185303,-21.0249996185303
3494.36177544502,-24.0249996185303,-21.0249996185303
3501.14694394103,-24.0249996185303,-21.0249996185303
3507.93211243704,-24.0249996185303,-21.0249996185303
3514.71728093305,-24.0249996185303,-21.0249996185303
3521.50244942906,-24.0249996185303,-21.0249996185303
3528.28761792507,-24.0249996185303,-21.0249996185303
3535.07278642108,-24.0249996185303,-21.0249996185303
3541.85795491709,-24.0249996185303,-21.0249996185303
3548.6431234131,-24.0249996185303,-21.0249996185303
3555.42829190911,-24.0249996185303,-21.0249996185303
3562.21346040512,-24.0249996185303,-21.0249996185303
3568.99862890113,-24.0249996185303,-21.0249996185303
3575.78379739714,-24.0249996185303,-21.0249996185303
3582.56896589315,-24.0249996185303,-21.0249996185303
3589.35413438916,-24.0249996185303,-21.0249996185303
3596.13930288517,-24.0249996185303,-21.0249996185303
3602.92447138118,-24.0249996185303,-21.0249996185303
3609.70963987719,-24.0249996185303,-21.0249996185303
3616.4948083732,-24.0249996185303,-21.0249996185303
3623.27997686921,-24.0249996185303,-21.0249996185303
3630.06514536522,-24.0249996185303,-21.0249996185303
3636.85031386123,-24.0249996185303,-21.0249996185303
3643.63548235724,-24.0249996185303,-21.0249996185303
3650.42065085325,-24.0249996185303,-21.0249996185303
3657.20581934926,-24.0249996185303,-21.0249996185303
3663.99098784526,-24.0249996185303,-21.0249996185303
3670.77615634127,-24.0249996185303,-21.0249996185303
3677.56132483728,-24.0249996185303,-21.0249996185303
3684.34649333329,-24.0249996185303,-21.0249996185303
3691.1316618293,-24.0249996185303,-21.0249996185303
3697.91683032531,-24.0249996185303,-21.0249996185303
3704.70199882132,-24.0249996185303,-21.0249996185303
3711.48716731733,-24.0249996185303,-21.0249996185303
3718.27233581334,-24.0249996185303,-21.0249996185303
3725.05750430935,-24.0249996185303,-21.0249996185303
3731.84267280536,-24.0249996185303,-21.0249996185303
3738.62784130137,-24.0249996185303,-21.0249996185303
3745.41300979738,-24.0249996185303,-21.0249996185303
3752.19817829339,-24.0249996185303,-21.0249996185303
3758.9833467894,-24.0249996185303,-21.0249996185303
3765.76851528541,-24.0249996185303,-21.0249996185303
3772.55368378142,-24.0249996185303,-21.0249996185303
3779.33885227743,-24.0249996185303,-21.0249996185303
3786.12402077344,-24.0249996185303,-21.0249996185303
3792.90918926945,-24.0249996185303,-21.0249996185303
3799.69435776546,-24.0249996185303,-21.0249996185303
3806.47952626147,-24.0249996185303,-21.0249996185303
3813.26469475748,-24.0249996185303,-21.0249996185303
3820.04986325349,-24.0249996185303,-21.0249996185303
3826.8350317495,-24.0249996185303,-21.0249996185303
3833.62020024551,-24.0249996185303,-21.0249996185303
3840.40536874152,-24.0249996185303,-21.0249996185303
3847.19053723753,-24.0249996185303,-21.0249996185303
3853.97570573354,-24.0249996185303,-21.0249996185303
3860.76087422955,-24.0249996185303,-21.0249996185303
3867.54604272556,-24.0249996185303,-21.0249996185303
3874.33121122157,-24.0249996185303,-21.0249996185303
3881.11637971758,-24.0249996185303,-21.0249996185303
3887.90154821359,-24.0249996185303,-21.0249996185303
3894.6867167096,-24.0249984715407,-21.0249986439087
3901.47188520561,-24.0248205012057,-21.024847272243
3908.25705370162,-24.0243755036037,-21.0244464003378
3915.04222219763,-24.0237021245352,-21.0238139732662
3921.82739069364,-24.0228238548263,-21.0229726484464
3928.61255918964,-24.0217511644629,-21.0219347273747
3935.39772768565,-24.02048255096,-21.0207007820091
3942.18289618166,-24.0190043858977,-21.0192593179426
3948.96806467767,-24.0172895705354,-21.0175855814323
3955.75323317368,-24.0152999666709,-21.0156434456739
3962.53840166969,-24.013203601061,-21.0135702575112
3969.3235701657,-24.0111072354511,-21.0114773749758
3976.10873866171,-24.0090149496406,-21.0093849994904
3982.89390715772,-24.007118240068,-21.0074588855169
3989.67907565373,-24.0054850840587,-21.0057817041927
3996.46424414974,-24.0040780604142,-21.0043340816284
4003.24941264575,-24.0028747140349,-21.0030940257643
4010.03458114176,-24.0018654918098,-21.0020501141814
4016.81974963777,-24.0010527827024,-21.001202660288
4023.60491813378,-24.0004511616106,-21.0005640957851
4030.39008662979,-24.0000888193578,-21.0001602432373
4037.1752551258,-24,-21.0000240811305
4043.96042362181,-24,-21.0000036188788
4050.74559211782,-24,-21.0000005438401
4057.53076061383,-24,-21.0000000817275
4064.31592910984,-24,-21.0000000122819
4071.10109760585,-24,-21.0000000018457
4077.88626610186,-24,-21.0000000002774
4084.67143459787,-24,-21.0000000000417
4091.45660309388,-24,-21.0000000000063
4098.24177158989,-24,-21.0000000000009
4105.0269400859,-24,-21.0000000000001
4111.81210858191,-24,-21
4118.59727707792,-24,-21
4125.38244557393,-24,-21
4132.16761406994,-24,-21
4138.95278256595,-24,-21
4145.73795106196,-24,-21
4152.52311955797,-24,-21
4159.30828805398,-24,-21
4166.09345654999,-24,-21
4172.878625046,-24,-21
4179.66379354201,-24,-21
4186.44896203802,-24,-21
4193.23413053403,-24,-21
4200.01929903003,-24,-21
4206.80446752604,-24,-21
4213.58963602205,-24,-21
4220.37480451806,-24,-21
4227.15997301407,-24,-21
4233.94514151008,-24,-21
4240.73031000609,-24,-21
4247.5154785021,-24,-21
4254.30064699811,-24,-21
4261.08581549412,-24,-21
4267.87098399013,-24,-21
4274.65615248614,-24,-21
4281.44132098215,-24,-21
4288.22648947816,-24,-21
4295.01165797417,-24,-21
4301.79682647018,-24,-21
4308.58199496619,-24,-21
4315.3671634622,-24,-21
4322.15233195821,-24,-21
4328.93750045422,-24,-21
4335.72266895023,-24,-21
4342.50783744624,-24,-21
4349.29300594225,-24,-21
4356.07817443826,-24,-21
4362.86334293427,-24,-21
4369.64851143028,-24,-21
4376.43367992629,-24,-21
4383.2188484223,-24,-21
4390.00401691831,-24,-21
4396.78918541432,-24,-21
4403.57435391033,-24,-21
4410.35952240634,-24,-21
4417.14469090235,-24,-21
4423.92985939836,-24,-21
4430.71502789437,-24,-21
4437.50019639038,-24,-21
4444.28536488639,-24,-21
4451.0705333824,-24,-21
4457.8557018784,-24,-21
4464.64087037441,-24,-21
4471.42603887043,-24,-21
4478.21120736643,-24,-21
4484.99637586244,-24,-21
4491.78154435845,-24,-21
4498.56671285446,-24,-21
4505.35188135047,-24,-21
4512.13704984648,-24,-21
4518.92221834249,-24,-21
4525.7073868385,-24,-21
4532.49255533451,-24,-21
4539.27772383052,-24,-21
4546.06289232653,-24,-21
4552.84806082254,-24,-21
4559.63322931855,-24,-21
4566.41839781456,-24,-21
4573.20356631057,-24,-21
4579.98873480658,-24,-21
4586.77390330259,-24,-21
4593.5590717986,-24,-21
4600.34424029461,-24,-21
4607.12940879062,-24,-21
4613.91457728663,-24,-21
4620.69974578264,-24,-21
4627.48491427865,-24,-21
4634.27008277466,-24,-21
4641.05525127067,-24,-21
4647.84041976668,-24,-21
4654.62558826269,-24,-21
4661.4107567587,-24,-21
4668.19592525471,-24,-21
4674.98109375072,-24,-21
4681.76626224673,-24,-21
4688.55143074274,-24,-21
4695.33659923875,-24,-21
4702.12176773476,-24,-21
4708.90693623077,-24,-21
4715.69210472678,-24,-21
4722.47727322279,-24,-21
4729.2624417188,-24,-21
4736.0476102148,-24,-21
4742.83277871081,-24,-21
4749.61794720682,-24,-21
4756.40311570283,-24,-21
4763.18828419884,-24,-21
4769.97345269485,-24,-21
4776.75862119086,-24,-21
4783.54378968687,-24,-21
4790.32895818288,-24,-21
4797.11412667889,-24,-21
4803.8992951749,-24,-21
4810.68446367091,-24,-21
4817.46963216692,-24,-21
4824.25480066293,-24,-21
4831.03996915894,-24,-21
4837.82513765495,-24,-21
4844.61030615096,-24,-21
4851.39547464697,-24,-21
4858.18064314298,-24,-21
4864.96581163899,-24,-21
4871.750980135,-24,-21
4878.53614863101,-24,-21
4885.32131712702,-24,-21
4892.10648562303,-24,-21
4898.89165411904,-24,-21
4905.67682261505,-24,-21
4912.46199111106,-24,-21
4919.24715960707,-24,-21
4926.03232810308,-24,-21
4932.81749659909,-24,-21
4939.6026650951,-24,-21
4946.38783359111,-24,-21
4953.17300208712,-24,-21
4959.95817058313,-24,-21
4966.74333907914,-24,-21
4973.52850757515,-24,-21
4980.31367607116,-24,-21
4987.09884456717,-24,-21
4993.88401306318,-24,-21
5000.66918155918,-24,-21
5007.4543500552,-24,-21
5014.23951855121,-24,-21
5021.02468704721,-24,-21
5027.80985554322,-23.9999972207457,-20.9999976384082
5034.59502403923,-23.9998056029152,-20.9998344617416
5041.38019253524,-23.9993491497141,-20.9994220817297
5048.16536103125,-23.9986657365155,-20.9987793990209
5054.95052952726,-23.9977782026667,-20.9979286610604
5061.73569802327,-23.996696442011,-20.9968816181736
5068.52086651928,-23.9954183957894,-20.9956382868114
5075.30603501529,-23.9939298424324,-20.9941865850742
5082.0912035113,-23.9922029993385,-20.9925010898402
5088.87637200731,-23.9902019507094,-20.9905474621358
5095.66154050332,-23.9881055850995,-20.9884725469796
5102.44670899933,-23.9860092194896,-20.9863794049139
5109.23187749534,-23.9839128538797,-20.9842835237338
5116.01704599135,-23.9818164882698,-20.9821872309233
5122.80221448736,-23.9797201226599,-20.9800908762536
5129.58738298337,-23.97762375705,-20.9779945122877
5136.37255147938,-23.9755273914401,-20.9758981469249
5143.15771997539,-23.9734310258302,-20.9738017813521
5149.9428884714,-23.9713346602203,-20.9717054157478
5156.72805696741,-23.9692382946103,-20.9696090501387
5163.51322546342,-23.9671419290004,-20.9675126845289
5170.29839395943,-23.9650455633905,-20.9654163189191
5177.08356245544,-23.9629491977806,-20.9633199533091
5183.86873095145,-23.9608528321707,-20.9612235876992
5190.65389944746,-23.9587564660789,-20.9591272216799
5197.43906794347,-23.956660091531,-20.9570308484136
5204.22423643948,-23.9545637071368,-20.9549344656917
5211.00940493549,-23.9524673142491,-20.9528380743317
5217.7945734315,-23.9503709136611,-20.9507416751305
5224.57974192751,-23.9482745056808,-20.9486452684695
5231.36491042352,-23.9461780901618,-20.9465488542817
5238.15007891953,-23.9440816664887,-20.944452432034
5244.93524741554,-23.9419852335173,-20.9423560006741
5251.72041591155,-23.9398887903393,-20.9402595592721
5258.50558440756,-23.9377923447582,-20.938163114319
5265.29075290357,-23.935695899177,-20.9360666688323
5272.07592139958,-23.9335994535959,-20.9339702232653
5278.86108989558,-23.9315030080148,-20.9318737776863
5285.64625839159,-23.9294065624336,-20.9297773321055
5292.43142688761,-23.9273101168525,-20.9276808865244
5299.21659538361,-23.9252136712714,-20.9255844409433
5306.00176387962,-23.9231172256902,-20.9234879953622
5312.78693237563,-23.9210207801091,-20.921391549781
5319.57210087164,-23.918924334528,-20.9192951041999
5326.35726936765,-23.9168278889468,-20.9171986586188
5333.14243786366,-23.9147314433657,-20.9151022130377
5339.92760635967,-23.9126349977846,-20.9130057674565
5346.71277485568,-23.9105385522034,-20.9109093218754
5353.49794335169,-23.9084127062608,-20.9087878941781
5360.2831118477,-23.9060404633192,-20.9064533434021
5367.06828034371,-23.9034164574691,-20.9038728364574
5373.85344883972,-23.9005737945966,-20.9010695700126
5380.63861733573,-23.8975312672081,-20.8980629984255
5387.42378583174,-23.8942951436667,-20.894861371632
5394.20895432775,-23.8908598041726,-20.8914611541571
5400.99412282376,-23.8872071697818,-20.8878464526289
5407.77929131977,-23.8833049710794,-20.8839874586014
5414.56445981578,-23.87914936964,-20.8798764309107
5421.34962831179,-23.8749566384202,-20.8756959779835
5428.1347968078,-23.8707639072003,-20.8715050919283
5434.91996530381,-23.8665711729045,-20.8673126353836
5441.70513379982,-23.8623784190907,-20.8631199262429
5448.49030229583,-23.8581856462987,-20.8589271630164
5455.27547079184,-23.8539928569665,-20.8547343776073
5462.06063928785,-23.8498000524527,-20.8505415759645
5468.84580778386,-23.8456072331672,-20.8463487593303
5475.63097627987,-23.8414143986127,-20.8421559274689
5482.41614477588,-23.8372215473346,-20.8379630791087
5489.20131327189,-23.8330286767823,-20.8337702118914
5495.9864817679,-23.8288357876554,-20.8295773260571
5502.77165026391,-23.8246428964932,-20.8253844356955
5509.55681875992,-23.8204500053309,-20.8211915446535
5516.34198725593,-23.8162571182036,-20.8169986569379
5523.12715575194,-23.8120642511659,-20.8128057867928
5529.91232424795,-23.8078714028826,-20.8086129352241
5536.69749274396,-23.8036785710028,-20.8044201003855
5543.48266123997,-23.7994857542421,-20.800227280908
5550.26782973598,-23.7952929522588,-20.7960344762958
5557.05299823198,-23.7911001656189,-20.791841686955
5563.83816672799,-23.7869073958532,-20.7876489142476
5570.623335224,-23.7827146456019,-20.7834561606216
5577.40850372001,-23.7785219130157,-20.7792634248736
5584.19367221602,-23.7743291817958,-20.7750706929732
5590.97884071203,-23.770136450576,-20.7708779616512
5597.76400920804,-23.7660778918695,-20.7667992396708
5604.54917770405,-23.7625571587436,-20.763194652757
5611.33434620006,-23.7595223705409,-20.7600742359976
5618.11951469607,-23.7569141506957,-20.7573890439136
5624.90468319208,-23.7547007661125,-20.7551047567562
5631.68985168809,-23.7528750389516,-20.7532101178378
5638.4750201841,-23.7514536148764,-20.7517175796951
5645.26018868011,-23.75047864257,-20.7506648283156
5652.04535717612,-23.7500217041491,-20.7501183519531
5658.83052567213,-23.75,-20.7500177857667
5665.61569416814,-23.75,-20.7500026728202
5672.40086266415,-23.75,-20.7500004016677
5679.18603116016,-23.749834213589,-20.749859188102
5685.97119965617,-23.7491231314549,-20.7492337450226
5692.75636815218,-23.7479316037617,-20.7481272877368
5699.54153664819,-23.7463167854525,-20.7465888652142
5706.3267051442,-23.7443084946463,-20.7446511855592
5713.11187364021,-23.7419121322885,-20.7423237533991
5719.89704213622,-23.7391092333091,-20.7395923069111
5726.68221063223,-23.7358556091065,-20.7364171548481
5733.46737912824,-23.7320772698272,-20.7327294617037
5740.25254762425,-23.7278956008005,-20.7286220266845
5747.03771612026,-23.7237028695807,-20.724442113659
5753.82288461627,-23.7195101383609,-20.7202513087395
5760.60805311228,-23.7155179763567,-20.7162292949547
5767.39322160829,-23.7120749142884,-20.7126992288288
5774.1783901043,-23.709106978156,-20.7096468165839
5780.96355860031,-23.7065592068003,-20.7070232084982
5787.74872709632,-23.7044036806094,-20.7047973396121
5794.53389559233,-23.7026367724403,-20.7029614594656
5801.31906408834,-23.7012787772095,-20.7015316483553
5808.10423258435,-23.7003759466284,-20.7005496238743
5814.88940108036,-23.7000047089729,-20.7000865980254
5821.67456957636,-23.7000007629395,-20.7000136621166
5828.45973807237,-23.7000007629395,-20.7000027014098
5835.24490656838,-23.7000007629395,-20.7000010542501
5842.03007506439,-23.7000007629395,-20.7000008067172
5848.8152435604,-23.7000007629394,-20.7000007695183
5855.60041205641,-23.7000007629395,-20.7000007639281
5862.38558055242,-23.7000007629395,-20.700000763088
5869.17074904843,-23.7000007629394,-20.7000007629618
5875.95591754444,-23.7000007629395,-20.7000007629428
5882.74108604045,-23.7000007629395,-20.70000076294
5889.52625453646,-23.7000007629395,-20.7000007629395
5896.31142303247,-23.7000007629395,-20.7000007629395
5903.09659152848,-23.7000007629395,-20.7000007629395
5909.88176002449,-23.7000007629394,-20.7000007629394
5916.6669285205,-23.7000007629395,-20.7000007629395
5923.45209701651,-23.6997212859514,-20.6997632853639
5930.23726551252,-23.698895844338,-20.6990262021672
5937.02243400853,-23.6976053683996,-20.6978188893193
5943.80760250454,-23.6959005144762,-20.6961888051758
5950.59277100055,-23.6938054515941,-20.6941636186509
5957.37793949656,-23.691320264513,-20.6917475598127
5964.16310799257,-23.6884209623867,-20.6889208788147
5970.94827648858,-23.6850570924291,-20.6856377368657
5977.73344498459,-23.6811477630595,-20.6818225100695
5984.5186134806,-23.6769548718972,-20.6776863737822
5991.30378197661,-23.672761980735,-20.6735020116635
5998.08895047262,-23.6685690895827,-20.6693104022425
6004.87411896863,-23.664376210751,-20.6651177141761
6011.65928746464,-23.6601833524945,-20.6609248814956
6018.44445596065,-23.6559905117944,-20.6567320420006
6025.22962445666,-23.651797686799,-20.6525392148262
6032.01479295267,-23.647604876657,-20.6483464021247
6038.79996144868,-23.6434120814329,-20.644153604274
6045.58512994469,-23.6392193021129,-20.6399608221693
6052.3702984407,-23.6350265407032,-20.6357680576495
6059.15546693671,-23.6308338002414,-20.6315753135724
6065.94063543272,-23.6266410690216,-20.6273825804204
6072.72580392873,-23.6224483378018,-20.6231898489102
6079.51097242473,-23.6182556064503,-20.6189971175348
6086.29614092074,-23.6140628612275,-20.614804374393
6093.08130941675,-23.6098700957003,-20.6106116122298
6099.86647791277,-23.605677312793,-20.60641883244
6106.65164640878,-23.6014845142778,-20.6022260367388
6113.43681490478,-23.5972917009355,-20.5980332260476
6120.22198340079,-23.5930988726342,-20.5938404003927
6127.0071518968,-23.5889060283158,-20.589647558879
6133.79232039281,-23.5847131658915,-20.5854546995971
6140.57748888882,-23.5805202825138,-20.5812618198405
6147.36265738483,-23.5763273913515,-20.5770689303923
6154.14782588084,-23.5721345001893,-20.5728760394876
6160.93299437685,-23.5679416094171,-20.5686831486956
6167.71816287286,-23.5637487339063,-20.5644902708883
6174.50333136887,-23.5595558784369,-20.5602974120619
6181.28849986488,-23.5553630401774,-20.5561045707117
6188.07366836089,-23.5511702174348,-20.5519117451728
6194.8588368569,-23.546977409498,-20.5477189345907
6201.64400535291,-23.5427846165664,-20.5435261390067
6208.42917384892,-23.5385918397707,-20.5393333593875
6215.21434234493,-23.5343990812831,-20.5351405977243
6221.99951084094,-23.5302063436171,-20.530947856452
6228.78467933695,-23.5260136123973,-20.5267551237215
6235.56984783296,-23.5218208811775,-20.5225623922747
6242.35501632897,-23.5176384169938,-20.518378385141
6249.14018482498,-23.5136721311244,-20.5143793804233
6255.92535332099,-23.5099651778161,-20.5106285380359
6262.710521817,-23.5064816514093,-20.5071048397559
6269.49569031301,-23.5032003803968,-20.5037871371113
6276.28085880902,-23.50011295506,-20.5006651060214
6283.06602730503,-23.4972228791737,-20.4977401722301
6289.85119580104,-23.4945459272415,-20.4950259539295
6296.63636429705,-23.4921116805807,-20.4925496335207
6303.42153279306,-23.4899467844896,-20.4903379370168
6310.20670128907,-23.4878504188797,-20.4882242396408
6316.99186978508,-23.4857540532698,-20.4861252694372
6323.77703828109,-23.4836233676376,-20.4839993499555
6330.5622067771,-23.4810320820723,-20.481477998957
6337.34737527311,-23.477928617133,-20.47846201329
6344.13254376911,-23.4743824066958,-20.4749954842928
6350.91771226513,-23.4704337756165,-20.4711193028429
6357.70288076114,-23.4660977330741,-20.466852367585
6364.48804925715,-23.4613654906214,-20.4621900508495
6371.27321775316,-23.4562035672727,-20.4571032076867
6378.05838624916,-23.4505505507261,-20.4515352748877
6384.84355474517,-23.4443696496008,-20.4454464897888
6391.62872324118,-23.4380803928286,-20.4391873596204
6398.41389173719,-23.4317911360564,-20.4329026302323
6405.1990602332,-23.4255791755916,-20.4266797341551
6411.98422872921,-23.4200944393782,-20.4210840683054
6418.76939722522,-23.4153684928226,-20.4162274215456
6425.55456572123,-23.4113007111172,-20.4120410902986
6432.33973421724,-23.4078336050955,-20.4084659001117
6439.12490271325,-23.4049473648019,-20.4054761253877
6445.91007120926,-23.4026578511838,-20.4030813775059
6452.69523970527,-23.4010182086561,-20.4013282587973
6459.48040820128,-23.4001239690083,-20.4003049480004
6466.26557669729,-23.3999996185303,-20.4000455030178
6473.0507451933,-23.3999996185303,-20.4000065139871
6479.83591368931,-23.3999996185303,-20.4000006547699
6486.62108218532,-23.3999275024437,-20.3999384956734
6493.40625068133,-23.3993502993462,-20.399438692671
6500.19141917734,-23.3982733722327,-20.3984484949651
6506.97658767335,-23.3967614829288,-20.397015004748
6513.76175616936,-23.3948509789968,-20.3951761857727
6520.54692466537,-23.3925532719493,-20.3929474397855
6527.33209316138,-23.3898559964732,-20.3903205742685
6534.11726165739,-23.3867217556145,-20.3872625810695
6540.9024301534,-23.3830845573983,-20.3837124249765
6547.68759864941,-23.3789525747776,-20.3796678784361
6554.47276714542,-23.3747598435578,-20.3754974162035
6561.25793564143,-23.370567112338,-20.3713080315361
6568.04310413744,-23.3663743774549,-20.3671158001187
6574.82827263345,-23.362181622678,-20.3629231239916
6581.61344112946,-23.3579888490643,-20.358730365028
6588.39860962547,-23.3537960589968,-20.3545375796348
6595.18377812148,-23.3496032537876,-20.3503447774035
6601.96894661749,-23.3454104338036,-20.3461519600874
6608.7541151135,-23.3412175985047,-20.3419591274908
6615.53928360951,-23.3370247463882,-20.3377662783078
6622.32445210552,-23.3328318748478,-20.3335734101272
6629.10962060153,-23.3286389852858,-20.3293805237784
6635.89478909754,-23.3244460941236,-20.3251876333395
6642.67995759354,-23.3202532029613,-20.320994742286
6649.46512608955,-23.3160603164996,-20.3168018551342
6656.25029458556,-23.3118674504123,-20.3126089858814
6663.03546308157,-23.3076746029425,-20.3084161351381
6669.82063157758,-23.3034817717933,-20.3042233010443
6676.60580007359,-23.2992889557268,-20.3000304822687
6683.3909685696,-23.2950961544439,-20.295837678357
6690.17613706561,-23.2909033685538,-20.2916448897586
6696.96130556162,-23.2867105996356,-20.2874521178829
6703.74647405763,-23.2825178503862,-20.2832593652333
6710.53164255364,-23.2783251181533,-20.2790666299322
6717.31681104965,-23.2741323869335,-20.274873898099
6724.10197954566,-23.2699396557137,-20.270681166787
6730.88714804167,-23.2659005670868,-20.2666189889514
6737.67231653768,-23.2624044242939,-20.2630377832007
6744.45748503369,-23.2593907535672,-20.259938824101
6751.2426535297,-23.2568015760506,-20.2572730373181
6758.02782202571,-23.2546063625781,-20.2550071067439
6764.81299052172,-23.2527990510103,-20.2531308745506
6771.59815901773,-23.2513974278123,-20.2516579277738
6778.38332751374,-23.2504449193775,-20.2506272085899
6785.16849600975,-23.2500146154804,-20.2501066751197
6791.95366450576,-23.25,-20.2500160309884
6798.73883300177,-23.25,-20.2500024091146
6805.52400149778,-23.25,-20.2500003620384
6812.30916999379,-23.25,-20.2500000544066
6819.0943384898,-23.25,-20.2500000081762
6825.87950698581,-23.25,-20.2500000012287
6832.66467548182,-23.25,-20.2500000001846
6839.44984397783,-23.25,-20.2500000000277
6846.23501247384,-23.25,-20.2500000000042
6853.02018096985,-23.25,-20.2500000000006
6859.80534946586,-23.25,-20.2500000000001
6866.59051796187,-23.25,-20.25
6873.37568645788,-23.25,-20.25
6880.16085495389,-23.25,-20.25
6886.9460234499,-23.25,-20.25
6893.73119194591,-23.2497760000988,-20.249809662492
6900.51636044191,-23.249002358804,-20.2491236792778
6907.30152893792,-23.2477568397192,-20.2479622464644
6914.08669743393,-23.2460930409793,-20.2463739425762
6920.87186592994,-23.2440376985578,-20.244388786055
6927.65703442595,-23.2415933273791,-20.2420134250154
6934.44220292196,-23.2387384782249,-20.2392306326673
6941.22737141797,-23.2354255922274,-20.2359974084051
6948.01253991398,-23.2315766949275,-20.2322410335918
6954.79770840999,-23.2273852683609,-20.2281149859968
6961.582876906,-23.2231925371411,-20.2239322758992
6968.36804540201,-23.2189998059212,-20.2197410506397
6975.15321389802,-23.2148070646363,-20.2155485371809
6981.93838239403,-23.2106143024616,-20.2113558123829
6988.72355089004,-23.2064215224779,-20.2071630406925
6995.50871938605,-23.2022287266479,-20.2029702484901
7002.29388788206,-23.1980359159198,-20.198777440546
7009.07905637807,-23.1938430903222,-20.1945846176013
7015.86422487408,-23.1896502489662,-20.1903917790122
7022.64939337009,-23.1854573899573,-20.186198923072
7029.4345618661,-23.1812645102279,-20.1820060469175
7036.21973036211,-23.1770716190656,-20.1778131580106
7043.00489885812,-23.1728787279034,-20.1736202671873
7049.79006735413,-23.1686858367411,-20.169427376076
7056.57523585014,-23.1644929572806,-20.1652344948646
7063.36040434615,-23.160300098498,-20.1610416327114
7070.14557284216,-23.156107257339,-20.1568487883975
7076.93074133817,-23.1519144319222,-20.1526559601408
7083.71590983418,-23.14772162137,-20.148463146928
7090.50107833019,-23.1435288257215,-20.14427034864
7097.2862468262,-23.1393360459366,-20.1400775660745
7104.07141532221,-23.1351432839909,-20.13588480103
7110.85658381822,-23.1309505429564,-20.1316920563873
7117.64175231423,-23.1267578117366,-20.1274993231504
7124.42692081024,-23.1225650805167,-20.1233065916274
7131.21208930625,-23.1183732701353,-20.1191146428181
7137.99725780226,-23.1143559444626,-20.1150710750237
7144.78242629827,-23.1106060488534,-20.1112770467675
7151.56759479428,-23.1070847946796,-20.1077148004845
7158.35276329029,-23.1037685700263,-20.1043616040433
7165.13793178629,-23.1006467976419,-20.101205053574
7171.92310028231,-23.0977208762869,-20.0982444735969
7178.70826877831,-23.0950043236122,-20.0954912488391
7185.49343727432,-23.0925241104195,-20.0929700078486
7192.27860577033,-23.090318705576,-20.0907171395888
7199.06377426634,-23.0882222599948,-20.0885971870254
7205.84894276235,-23.0861258144137,-20.0864972088477
7212.63411125836,-23.0840257243174,-20.0843971355704
7219.41927975437,-23.081732144392,-20.0821326355546
7226.20444825038,-23.0791746095271,-20.0796191375586
7232.98961674639,-23.0763906834321,-20.0768758510217
7239.7747852424,-23.0734029417938,-20.0739248457556
7246.55995373841,-23.0702210447286,-20.0707776467884
7253.34512223442,-23.0668427070708,-20.0674340443311
7260.13029073043,-23.0632534650878,-20.0638817167139
7266.91545922644,-23.0594252564601,-20.0600949671002
7273.70062772245,-23.0553232832381,-20.056040365243
7280.48579621846,-23.0511304720471,-20.0518683239582
7287.27096471447,-23.046937660856,-20.0476786340397
7294.05613321048,-23.0427529936092,-20.0434932119928
7300.84130170649,-23.038778739612,-20.0394872239552
7307.6264702025,-23.03506506401,-20.0357296200474
7314.41163869851,-23.0315756127525,-20.0321998711832
7321.19680719452,-23.0282888346645,-20.0288765797853
7327.98197569053,-23.0251959813798,-20.0257490965819
7334.76714418654,-23.0223002258458,-20.0228185173365
7341.55231268255,-23.0196169859565,-20.0200981076333
7348.33748117856,-23.0171754294001,-20.0176146454143
7355.12264967457,-23.0150047743774,-20.0153969821618
7361.90781817058,-23.0129084087675,-20.0132823881111
7368.69298666659,-23.0108120431576,-20.0111832831565
7375.4781551626,-23.0087156775476,-20.0090865058817
7382.26332365861,-23.0066193119377,-20.0069900784074
7389.04849215462,-23.0045229463278,-20.0048937035006
7395.83366065063,-23.0024265807179,-20.0027973364935
7402.61882914664,-23.000330215108,-20.0007009706737
7409.40399764265,-22.9982338494981,-19.9986046050322
7416.18916613866,-22.9961374838882,-19.9965082394175
7422.97433463467,-22.9940411182783,-19.9944118738069
7429.75950313068,-22.9919447526684,-19.9923155081969
7436.54467162669,-22.9898483870585,-19.990219142587
7443.3298401227,-22.9877520214485,-19.9881227769771
7450.11500861871,-22.9856556558386,-19.9860264113672
7456.90017711472,-22.9835816522982,-19.9839490472861
7463.68534561072,-22.9817457732061,-19.9820768781662
7470.47051410673,-22.9801639816815,-19.980451449101
7477.25568260274,-22.9788023012908,-19.9790501329268
7484.04085109875,-22.9776411986923,-19.9778529313667
7490.82601959476,-22.976673735666,-19.9768509435536
7497.61118809077,-22.975904866312,-19.9760470414822
7504.39635658678,-22.9753519410396,-19.975456399766
7511.18152508279,-22.9750463774849,-19.9751079950622
7517.9666935788,-22.9750003814697,-19.9750165534905
7524.75186207481,-22.9750003814697,-19.9750028117785
7531.53703057082,-22.9750003814697,-19.9750007466931
7538.32219906683,-22.9749683516743,-19.9749732199526
7545.10736756284,-22.9746873264602,-19.974730290136
7551.89253605885,-22.974155310367,-19.9742417175259
7558.67770455486,-22.9734051144174,-19.9735308379673
7565.46287305087,-22.9724552793829,-19.972616912829
7572.24804154688,-22.9713118447489,-19.9715079685623
7579.03321004289,-22.9699689617892,-19.9702002415835
7585.8183785389,-22.9684082996093,-19.9686775901534
7592.60354703491,-22.9665972932163,-19.9669099173426
7599.38871553092,-22.9645352309509,-19.9648920955144
7606.17388402693,-22.962438865341,-19.9628075333546
7612.95905252294,-22.9603424997311,-19.9607129415508
7619.74422101895,-22.9582461324667,-19.9586168411001
7626.52938951496,-22.9561497553634,-19.9565205055718
7633.31455801097,-22.9540533688,-19.9544241266779
7640.09972650698,-22.9519569739841,-19.9523277342548
7646.88489500299,-22.9498605715857,-19.9502313333554
7653.670063499,-22.947764161801,-19.948134924906
7660.45523199501,-22.9456677443725,-19.9460385088269
7667.24040049102,-22.9435713185633,-19.9439420844799
7674.02556898703,-22.9414748830867,-19.9418456506758
7680.81073748304,-22.9393784384317,-19.9397492076515
7687.59590597905,-22.9372819928506,-19.9376527624546
7694.38107447506,-22.9351855472694,-19.9355563169312
7701.16624297107,-22.9331454616795,-19.9335077616489
7707.95141146708,-22.9313703090249,-19.9316915224282
7714.73657996309,-22.9298402448969,-19.9301184523059
7721.52174845909,-22.9285247434233,-19.9287642437745
7728.3069169551,-22.9274072187636,-19.9276111505922
7735.09208545111,-22.926483418921,-19.9266528928658
7741.87725394712,-22.9257609926727,-19.9258950261915
7748.66242244313,-22.925260262866,-19.9253556542144
7755.44759093914,-22.9250161353254,-19.9250671577511
7762.23275943515,-22.9250001907349,-19.9250102544448
7769.01792793116,-22.9250001907349,-19.9250017030952
7775.80309642717,-22.9250001907349,-19.9250004180103
7782.58826492318,-22.9250001907349,-19.9250002248895
7789.37343341919,-22.9250001907349,-19.9250001958676
7796.1586019152,-22.9250001907349,-19.9250001915062
7802.94377041121,-22.9250001907349,-19.9250001908508
7809.72893890722,-22.9250001907349,-19.9250001907523
7816.51410740323,-22.9250001907349,-19.9250001907375
7823.29927589924,-22.9250001907349,-19.9250001907353
7830.08444439525,-22.9250001907349,-19.9250001907349
7836.86961289126,-22.9250001907349,-19.9250001907349
7843.65478138727,-22.9250001907349,-19.9250001907349
7850.43994988328,-22.9250001907349,-19.9250001907349
7857.22511837929,-22.9250001907349,-19.9250001907349
7864.0102868753,-22.9248258197616,-19.9248520239886
7870.79545537131,-22.9241048252031,-19.9242171131959
7877.58062386732,-22.9229047511435,-19.9231019710849
7884.36579236333,-22.9212821908691,-19.9215556649054
7891.15096085934,-22.9192664768062,-19.9196104928054
7897.93612935535,-22.9168625568552,-19.9172755128426
7904.72129785136,-22.9140514994226,-19.914535999669
7911.50646634737,-22.9107885905412,-19.9113517459656
7918.29163484338,-22.9069992192783,-19.9076533109268
7925.07680333939,-22.9028153162467,-19.903542363349
7931.8619718354,-22.8986225050557,-19.8993618545077
7938.64714033141,-22.8944296938646,-19.8951708920966
7945.43230882742,-22.8904468390996,-19.8911567632044
7952.21747732343,-22.8870134856567,-19.8876361316359
7959.00264581944,-22.8840539375073,-19.8845922646517
7965.78781431545,-22.881513788187,-19.8819764173425
7972.57298281146,-22.8793655997637,-19.8797579497931
7979.35815130747,-22.8776061975462,-19.8779295598769
7986.14331980347,-22.8762563458357,-19.8765077941114
7992.92848829949,-22.8753628278063,-19.8755348917479
7999.71365679549,-22.875002700701,-19.8750826776303
8006.4988252915,-22.875,-19.8750124246791
8013.28399378751,-22.875,-19.8750018671635
8020.06916228352,-22.875,-19.8750002805947
8026.85433077953,-22.875,-19.8750000421674
8033.63949927554,-22.875,-19.8750000063369
8040.42466777155,-22.875,-19.8750000009523
8047.20983626756,-22.875,-19.8750000001431
8053.99500476357,-22.875,-19.8750000000215
8060.78017325958,-22.875,-19.8750000000032
8067.56534175559,-22.875,-19.8750000000005
8074.3505102516,-22.875,-19.8750000000001
8081.13567874761,-22.875,-19.875
8087.92084724362,-22.875,-19.875
8094.70601573963,-22.875,-19.875
8101.49118423564,-22.875,-19.875
8108.27635273165,-22.874709573906,-19.8747532187349
8115.06152122766,-22.8738746118549,-19.8740066476731
8121.84668972367,-22.8725758647929,-19.8727908808514
8128.63185821968,-22.8708634458163,-19.8711530980689
8135.41702671569,-22.8687610486254,-19.8691205224841
8142.2021952117,-22.8662683059339,-19.8666969330645
8148.98736370771,-22.8633607519393,-19.8638621085922
8155.77253220372,-22.8599873914933,-19.8605696785823
8162.55770069973,-22.8560673060299,-19.8567439163063
8169.34286919574,-22.8518744948389,-19.852606264715
8176.12803769175,-22.8476816836479,-19.8484217428318
8182.91320618776,-22.8434896042038,-19.8442307991274
8189.69837468377,-22.8396312874622,-19.8403224956692
8196.48354317978,-22.8363105079004,-19.8369134238345
8203.26871167579,-22.8334487626904,-19.8339694271416
8210.0538801718,-22.8309980467591,-19.8314445816645
8216.83904866781,-22.8289365181167,-19.8293134264135
8223.62421716382,-22.8272663148463,-19.8275739519215
8230.40938565983,-22.826013773533,-19.8262482349683
8237.19455415584,-22.8252320336825,-19.8253847469964
8243.97972265185,-22.8249998092651,-19.8250576571713
8250.76489114786,-22.8249998092651,-19.8250085025679
8257.55005964387,-22.8249998092651,-19.8250011156826
8264.33522813987,-22.8249973876937,-19.8249979479307
8271.12039663588,-22.8248082977893,-19.8248367981484
8277.90556513189,-22.824353956707,-19.8244265174463
8284.6907336279,-22.8236723844502,-19.8237857145065
8291.47590212391,-22.8227865423456,-19.8229366965463
8298.26107061992,-22.821706431864,-19.8218913143269
8305.04623911593,-22.8204300979152,-19.8206496874824
8311.83140761194,-22.8189434292107,-19.8191998433273
8318.61657610795,-22.8172187699998,-19.8175164829403
8325.40174460396,-22.8152197321866,-19.815564884691
8332.18691309997,-22.8131232866054,-19.8134902065651
8338.97208159598,-22.8110268410243,-19.8113970321669
8345.75725009199,-22.8089303956821,-19.8093010783775
8352.542418588,-22.8068339581352,-19.8072047135291
8359.32758708401,-22.8047375305761,-19.805108295394
8366.11275558002,-22.8026411116008,-19.803011876545
8372.89792407603,-22.8005447003727,-19.8009154641716
8379.68309257204,-22.7984482965451,-19.7988190590598
8386.46826106805,-22.7963519002266,-19.7967226614198
8393.25342956406,-22.7942555119915,-19.7946262717714
8400.03859806007,-22.7921591329369,-19.7925298911248
8406.82376655608,-22.7900627642651,-19.7904335206534
8413.60893505209,-22.7879663986552,-19.788337154313
8420.3941035481,-22.7858700330453,-19.7862407885933
8427.17927204411,-22.7837855299357,-19.7841545027871
8433.96444054012,-22.7819210006085,-19.7822566482052
8440.74960903613,-22.7803149641736,-19.7806067577455
8447.53477753214,-22.778931820263,-19.7791835275351
8454.31994602815,-22.7777506562507,-19.7779659861516
8461.10511452416,-22.7767632940209,-19.7769440329192
8467.89028302017,-22.7759734644437,-19.7761193201224
8474.67545151618,-22.7753971876516,-19.7755057087136
8481.46062001219,-22.7750643304933,-19.7751306601975
8488.2457885082,-22.7749996185303,-19.7750193112895
8495.03095700421,-22.7749996185303,-19.7750025779307
8501.81612550022,-22.7749996185303,-19.7750000632648
8508.60129399623,-22.7749612292416,-19.7749670651645
8515.38646249224,-22.7744556953632,-19.7745325433047
8522.17163098824,-22.7734396316551,-19.7736038728956
8528.95679948425,-22.771981866538,-19.7722256193943
8535.74196798026,-22.7701222111462,-19.7704383084082
8542.52713647627,-22.7678752131528,-19.7682603915379
8549.31230497228,-22.7652316290694,-19.7656867872747
8556.09747346829,-22.762157483348,-19.7626878622265
8562.8826419643,-22.7585907876249,-19.7592064902897
8569.66781046031,-22.7544995977848,-19.7552069430348
8576.45297895632,-22.750306866565,-19.7510432432322
8583.23814745233,-22.7461141353452,-19.7468548748133
8590.02331594834,-22.7419778708925,-19.7427107802491
8596.80848444435,-22.7383319607644,-19.7389900036578
8603.59365294036,-22.7351903162791,-19.7357613280063
8610.37882143637,-22.7324864510376,-19.7329785949873
8617.16398993238,-22.7301825467385,-19.730602732975
8623.94915842839,-22.728265855999,-19.7286170386162
8630.7343269244,-22.7267474093354,-19.7270283746197
8637.51949542041,-22.7256631361206,-19.7258683022607
8644.30466391642,-22.7250773084744,-19.7251961779189
8651.08983241243,-22.7250003814697,-19.7250298054874
8657.87500090844,-22.7250003814697,-19.7250048032701
8664.66016940445,-22.7250003814697,-19.7250010459717
8671.44533790046,-22.7249224727674,-19.7249342806391
8678.23050639647,-22.7243349119651,-19.7244249842546
8685.01567489248,-22.7232491507636,-19.7234258533829
8691.80084338849,-22.7217293647265,-19.721984310679
8698.5860118845,-22.7198114003787,-19.7201379423122
8705.37118038051,-22.7175062122806,-19.7179017050043
8712.15634887652,-22.7148009763517,-19.715266949535
8718.94151737253,-22.7116577891878,-19.712200168778
8725.72668586854,-22.7080100640726,-19.7086397471718
8732.51185436455,-22.7038728825962,-19.7045892403654
8739.29702286056,-22.6996800714051,-19.7004178144791
8746.08219135657,-22.6954872602141,-19.6962282170419
8752.86735985258,-22.691294449023,-19.6920358888093
8759.65252834859,-22.687101637832,-19.6878431501965
8766.4376968446,-22.682908826641,-19.6836503499125
8773.22286534061,-22.6787160154499,-19.6794575403605
8780.00803383662,-22.6745232042589,-19.6752647294158
8786.79320233262,-22.6703303930678,-19.6710719182618
8793.57837082863,-22.6661375818768,-19.6668791070763
8800.36353932464,-22.6619447706857,-19.6626862958861
8807.14870782065,-22.6577519594947,-19.6584934846952
8813.93387631667,-22.6535591483037,-19.6543006735041
8820.71904481267,-22.6493663371126,-19.6501078623131
8827.50421330868,-22.6451735259216,-19.645915051122
8834.28938180469,-22.641111399426,-19.6418332855125
8841.0745503007,-22.6375859922329,-19.6382242695514
8847.85971879671,-22.6345471946426,-19.6350997803386
8854.64488729272,-22.6319353671269,-19.632410910737
8861.43005578873,-22.6297185507662,-19.6301231548728
8868.21522428474,-22.6278893593971,-19.62822505107
8875.00039278075,-22.626464226723,-19.6267288409534
8881.78556127676,-22.6254850649882,-19.625671977908
8888.57072977277,-22.6250231779142,-19.6251206786737
8895.35589826878,-22.625,-19.625018135423
8902.14106676479,-22.625,-19.6250027253661
8908.9262352608,-22.625,-19.6250004095642
8915.71140375681,-22.6249190388326,-19.6249312671128
8922.49657225282,-22.6245657716179,-19.6246206977718
8929.28174074883,-22.6239719645179,-19.6240694552477
8936.06690924484,-22.6231663242675,-19.6233020455334
8942.85207774085,-22.622163871538,-19.6223349147408
8949.63724623686,-22.6209674106796,-19.6211729172853
8956.42241473287,-22.6195678158721,-19.6198090282769
8963.20758322888,-22.6179431127622,-19.618223519947
8969.99275172489,-22.6160564480937,-19.6163821126335
8976.7779202209,-22.613966145684,-19.6143292138323
8983.56308871691,-22.6118697800741,-19.6122393803539
8990.34825721292,-22.6097734144642,-19.6101439963836
8997.13342570893,-22.6077752171597,-19.6081311940022
9003.91859420494,-22.6060514409768,-19.6063639833649
9010.70376270095,-22.6045655344114,-19.6048358028153
9017.48893119696,-22.6032898892328,-19.6035222069729
9024.27409969297,-22.6022104349618,-19.6024075662326
9031.05926818898,-22.601325254304,-19.6014879026332
9037.84443668499,-22.6006443873663,-19.6007711496657
9044.62960518099,-22.6001908386775,-19.6002780470046
9051.414773677,-22.6000026789086,-19.6000440608425
9058.19994217301,-22.6000003814697,-19.600006945545
9064.98511066903,-22.6000003814697,-19.6000013679098
9071.77027916504,-22.6000003814697,-19.6000005297106
9078.55544766105,-22.5997664917512,-19.5998016626497
9085.34061615705,-22.5989831227592,-19.5991061317939
9092.12578465306,-22.5977291594404,-19.5979360889279
9098.91095314907,-22.5960576505268,-19.5963399396335
9105.69612164508,-22.5939948532044,-19.5943472695268
9112.48129014109,-22.591542830225,-19.5919642774573
9119.2664586371,-22.5886796606415,-19.5891732682818
9126.05162713311,-22.58535724927,-19.5859307152922
9132.83679562912,-22.5814969862404,-19.5821632808671
9139.62196412513,-22.5773047319327,-19.5780348678997
9146.40713262114,-22.5731118407704,-19.5738516664307
9153.19230111715,-22.5689189496082,-19.5696602314221
9159.97746961316,-22.564588813004,-19.5653509387005
9166.76263810917,-22.5599854383696,-19.5607917582864
9173.54780660518,-22.555149287059,-19.5559972297763
9180.33297510119,-22.5501058088837,-19.55099116341
9187.1181435972,-22.5448671959336,-19.5457874972366
9193.90331209321,-22.5394335941672,-19.5403884498709
9200.68848058922,-22.5337931183262,-19.5347842555649
9207.47364908523,-22.5279206691244,-19.5289521193352
9214.25881758124,-22.5217758518446,-19.5228542913281
9221.04398607725,-22.5154867550148,-19.5165939381106
9227.82915457326,-22.5091976581851,-19.5103091608309
9234.61432306927,-22.5029085613506,-19.5040207131331
9241.39949156528,-22.4966194523875,-19.4977317035441
9248.18466006129,-22.4903303228171,-19.4914425920043
9254.9698285573,-22.4840411756693,-19.4851534502076
9261.75499705331,-22.4777520128051,-19.4788642905094
9268.54016554932,-22.471462835084,-19.4725751154967
9275.32533404533,-22.4651736424496,-19.4662859255105
9282.11050254134,-22.4588844339239,-19.4599967197709
9288.89567103735,-22.4525952075103,-19.4537074964641
9295.68083953336,-22.4463059601583,-19.4474182527257
9302.46600802937,-22.4400167033862,-19.4411289979122
9309.25117652538,-22.433727446614,-19.4348397414344
9316.03634502139,-22.4274367438571,-19.4285492560223
9322.8215135174,-22.420966499098,-19.4221060252475
9329.60668201341,-22.4142297133999,-19.4154133545744
9336.39185050942,-22.4072648622885,-19.4084894063602
9343.17701900542,-22.4000952926357,-19.401356748355
9349.96218750143,-22.3927313472855,-19.3940275605449
9356.74735599744,-22.3851714012175,-19.3865022925066
9363.53252449345,-22.3774016955785,-19.3787693206098
9370.31769298946,-22.3693949814055,-19.3708037440447
9377.10286148547,-22.3611135462429,-19.3625697756723
9383.88802998148,-22.3527279238609,-19.3542069436436
9390.67319847749,-22.3443423014788,-19.345824746164
9397.4583669735,-22.3359659304746,-19.3374474995653
9404.24353546951,-22.3279855851659,-19.3294075084835
9411.02870396552,-22.3205314218333,-19.3218653077727
9417.81387246153,-22.31352893154,-19.3147817105495
9424.59904095754,-22.3069334869937,-19.3081129070988
9431.38420945355,-22.3007262339845,-19.3018362929321
9438.16937794956,-22.29491219602,-19.2959527396602
9444.95454644557,-22.289520787057,-19.2904873719359
9451.73971494158,-22.2846086951289,-19.2854921344918
9458.52488343759,-22.2802430341847,-19.281031861668
9465.3100519336,-22.2760503029648,-19.2767989246685
9472.09522042961,-22.271857571745,-19.2726001513801
9478.88038892562,-22.2676456925158,-19.2683902416935
9485.66555742163,-22.2630050081118,-19.263814293514
9492.45072591764,-22.2578448648358,-19.2587419422635
9499.23589441365,-22.252237357274,-19.2532148572468
9506.02106290966,-22.2462250678599,-19.2472754836737
9512.80623140567,-22.2398250291899,-19.2409446731128
9519.59139990168,-22.2330304415372,-19.2342197812356
9526.37656839769,-22.2258099794808,-19.2270737927755
9533.1617368937,-22.2181047392565,-19.2194525961275
9539.94690538971,-22.2098597534821,-19.2113013525141
9546.73207388572,-22.2014741311,-19.202950952247
9553.51724238173,-22.1930885087179,-19.1945706229953
9560.30241087774,-22.1847028863358,-19.1861857960574
9567.08757937375,-22.1763172639538,-19.1778002932136
9573.87274786976,-22.1679316415717,-19.1694146887956
9580.65791636577,-22.1595460191896,-19.1610290691131
9587.44308486178,-22.1511603968075,-19.1526434471367
9594.22825335779,-22.1427747744254,-19.1442578248156
9601.0134218538,-22.1343891520433,-19.1358722024427
9607.7985903498,-22.1260035296613,-19.127486580062
9614.58375884581,-22.1176179072792,-19.1191009576801
9621.36892734182,-22.1092322848971,-19.110715335298
9628.15409583783,-22.100846662515,-19.102329712916
9634.93926433385,-22.0924610401329,-19.0939440905339
9641.72443282985,-22.0841247597979,-19.0856003951447
9648.50960132586,-22.0762706719905,-19.0776727297918
9655.29476982187,-22.068923179299,-19.0702380495609
9662.07993831788,-22.0620149242464,-19.0632506840657
9668.86510681389,-22.0555073474779,-19.0566710053156
9675.6502753099,-22.0493870316802,-19.0504816570932
9682.43544380591,-22.0436643417012,-19.0446888383633
9689.22061230192,-22.0383744785418,-19.0393233917412
9696.00578079793,-22.0335808629753,-19.0344438422001
9702.79094929394,-22.0293024214528,-19.0300750670018
9709.57611778995,-22.0251096902329,-19.0258558801381
9716.36128628596,-22.0209169590131,-19.021659173201
9723.14645478197,-22.0166894593493,-19.0174363010252
9729.93162327798,-22.0122104926889,-19.0129958198873
9736.71679177399,-22.0074813010922,-19.0083100152962
9743.50196027,-22.0025344016676,-19.0034023528395
9750.28712876601,-21.9973880840856,-18.9982919000174
9757.07229726202,-21.9920481591607,-18.9929864598405
9763.85746575803,-21.9865085490054,-18.9874820404234
9770.64263425404,-21.9807506701093,-18.9817622510647
9777.42780275005,-21.9747416609095,-18.9757967054199
9784.21297124606,-21.9684840694756,-18.9695830022204
9790.99813974207,-21.9621948926746,-18.9633051674872
9797.78330823808,-21.9559057158737,-18.9570176951563
9804.56847673409,-21.9496165390727,-18.9507287745008
9811.3536452301,-21.9433273622718,-18.944439636193
9818.13881372611,-21.9370381854708,-18.9381504651768
9824.92398222212,-21.9307490086699,-18.9318612892451
9831.70915071813,-21.9244598318689,-18.9255721125748
9838.49431921414,-21.918170655068,-18.9192829357935
9845.27948771015,-21.911881478267,-18.9129937589955
9852.06465620616,-21.9055923014661,-18.906704582195
9858.84982470217,-21.8993031246651,-18.9004154053941
9865.63499319817,-21.8930139478641,-18.8941262285931
9872.42016169418,-21.8867247710632,-18.8878370517922
9879.20533019019,-21.8804355942622,-18.8815478749912
9885.99049868621,-21.8742063503425,-18.8753096244415
9892.77566718222,-21.8682435042384,-18.869305390941
9899.56083567822,-21.8625249999697,-18.8635439476812
9906.34600417423,-21.8570206016523,-18.858000921008
9913.13117267024,-21.8517139716566,-18.8526587656488
9919.91634116625,-21.8466010857276,-18.8475114254291
9926.70150966226,-21.8416898229729,-18.8425646852818
9933.48667815827,-21.8370007619146,-18.8378369005689
9940.27184665428,-21.8325691087154,-18.8333607451383
9947.05701515029,-21.8283621277151,-18.8291133129795
9953.8421836463,-21.8241692365528,-18.8249122254722
9960.62735214231,-21.8199763453905,-18.8207181025746
9967.41252063832,-21.81585841848,-18.8165887250373
9974.19768913433,-21.8120115631718,-18.812699412682
9980.98285763034,-21.8084062833604,-18.8090514488554
9987.76802612635,-21.8050134575226,-18.8056202812361
9994.55319462236,-21.8018177079268,-18.8023891533475
10001.3383631184,-21.7988158993136,-18.7993528829531
10008.1235316144,-21.7960168190934,-18.7965181581238
10014.9087001104,-21.7934420626634,-18.7939043340048
10021.6938686064,-21.7911280366862,-18.7915452547805
10028.4790371024,-21.7890237541021,-18.7894026817121
10035.2642055984,-21.7869273884922,-18.7872993721097
10042.0493740944,-21.7848310228822,-18.7852019629663
10048.8345425904,-21.7828262346278,-18.7831832557736
10055.6197110864,-21.7810952926796,-18.7814090688653
10062.4048795825,-21.7796032041543,-18.7798745869879
10069.1900480785,-21.7783219534142,-18.7785552810251
10075.9752165745,-21.7772371171234,-18.7774352089586
10082.7603850705,-21.7763464478561,-18.7765100653582
10089.5455535665,-21.7756596446585,-18.7757874446968
10096.3307220625,-21.7751993271072,-18.7752877085994
10103.1158905585,-21.7750031107859,-18.7750458797489
10109.9010590545,-21.7749996185303,-18.7750065706018
10116.6862275505,-21.7749996185303,-18.7750006632779
10123.4713960465,-21.7749996185303,-18.7749997755335
10130.2565645426,-21.7746703106314,-18.774719822158
10137.0417330386,-21.773516531386,-18.7736973602473
10143.8269015346,-21.771654034987,-18.7719611030612
10150.6120700306,-21.7691635986151,-18.769584003687
10157.3972385266,-21.7660856565703,-18.7666113833026
10164.1824070226,-21.7624242922075,-18.7630535224256
10170.9675755186,-21.7581476550423,-18.7588849019598
